Arabic,English,Arabic Pl,English Pl,Example
الشَيب,(having) grey hair,,,
وريد,(jugular) vein,وُرُد,(jugular) veins,
مناقصة,a bid,,,أستأنف المحادثات مع منافسة الشركة للـ*
سَبَخة,a bog,,,
غُلام,a boy,,,
موجز,a brief,,,
ضِغث,a bunch,أضغاث,bunches,
عُنقود,a bunch (of grapes),عناقيد,bunches (of grapes),
غمّاز,a buoy,,,
باردة,a cold,,,
زهرة,a die,زهر,dice,
سقطة,a fall,,,
ناقة,a female camel,نوق,female camels,
عَنز,a female goat,,,
أبله,a fool,,,
عُبوسة,a frown,,,تلاقى حاجبا غسان في عبوسة حاقدة
بضاعة,a good,بضائع,goods,
حَزر,a guess,,,
حفنة,a handful,,,
عَقَبة,a hitch,,,
مرتع,a hotbed,,,لتصبح الحكومة مرتعا كقليلي الكفاءة
بشر,a human being,,,
دعابة,a joke,,,
هزلي,a joker,,,كأنني مثل (هزلي) يصبح في مسرح: النجدة
هانم,a lady,,,أجمل هانم
لفّة,a lap,,,
هفوة,a lapse,,,لم يرتكب إلا * عابرة لم تتكرر.
طفرة,a leap,,,والذي يمثل طفرة هائلة في علوم التطور
ترف,a luxury,,,
أعجوبة,a marvel,,,
اقتراح,a motion,,,
قفّاز,a pair of gloves,قفّازات,pairs of gloves,
حذاء,a pair of shoes,أحذية,shoes,
شُخشيخة,a rattle,شخاشخ,rattles,
لائمة,a rebuke,لوائم,rebukes,
نقلة,a shift,,,أداؤه في الدور لم يكن * نوعية له
شهاب,a shooting star,شُهُب,shooting stars,
بادرة,a sign,signs,بوادر,أول بوادر العقل
خطيئة,a sin,,,
نَبّوت,a staff,,,لعب شمس الدين بنبوت أبيه في رشاقة خلابة
تأتأة,a stutter,,,
قُرادة,a tick,قُراد,ticks,
نزعة,a trend,,,التعبيرية هي * فنية
قابع,abandoned,,,
بطن,abdomen,بطون,abdomens,
احتجاز,abduction,,,
قُدرة,ability,قدرات,abilities,
مَقيت,abominable,,,
إجهاض,abortion,,,
إزاء,about,,,
سَحج,abrasion,,,
الانهماك,absorption,,,ثمل بالـ* في الرضاع
عبثي,absurd,,,اجراءات عبثية
سنط,acacia,,,
الأقلمة,acclimatization,,,
استعاب,accomodating,,,استعاب الطلاب
إنجاز,accomplishment,إنجازات,accomplishments,
بحسب,according to,,,
محاسبة,accountability,,,
مساءلة,accountability,,,
محاسب,accountant,,,
معرف,acquantance,,,
رضوخ,acquiescence,,,طالبه بعدم الـ* لتلك الضغوط
فصل,act,فصول,acts,
نشيط,active,نشطاء,active people,
نشاط,activity,أنشطة,activities,
حرقدة,Adam's apple,,,
التكيف,adaptation,,,
الجمع,addition,,,
إداري,administrator,,,
موعظة,admonition,,,
المراهقة,adolescence,,,
يافع,adolescent,يافعون,adolescents,ميدان الصراع الوحشي لا يكترث بالنساء ولا باليافعين
بالغ,adult,,,
راشد,adult,,,
زاني,adulterer,,,
فاسق,adulterer,,,ال* أبرع من الشيطان.
آثمة,adulterous,,,
خصم,adversary,خصوم,adversaries,
إعلان,advertisement,إعلانات,advertisements,
مشورة,advice,,,اقبلي مشورتي
نصيحة,advice,نصائح,pieces of advice,
شأن,affair,شؤون,affairs,
منكوب,affected,,,المناطق * بالكارثة
حنان,affection,,,
حنون,affectionate,,,
التحريج,afforestation,,,
عميل,"agent, collaborator",عملاء,"agents, collaboartors",
العدوان,aggression,,,
عَون,aid,,,
الإيدز,AIDS,,,
وعكة,ailment,,,تعلل بوعكة عابرة.
خمر,alcohol,خمور,alcohol (pl),
كحول,alcohol,,,
استنفار,alert,,,
فائق,alert,,,
طحالب,algae,,,
الجَبر,algebra,,,
مجمل,all,,,القرارات
بَغتةً,all of a sudden,,,لست أعلم ما الذي دفع بمصطفى إلى ذهني، لكني تذكرته *.
زعم,allegation,مزاعم,allegations,
مبايعة,allegiance,,,
حلف,alliance,أحلاف,alliances,
بدل,allowance,بدلات,allowances,
حليف,ally,حلفاء,allies,
بمفرده,alone,,,النمو الاقتصادي ليس كافياً بمفرده
مذبح,altar,مذابح,altars,
هاوي,amateur,,,
مندهش,amazed,,,
إشكال,ambiguity,,,
إشكالي,ambiguous,,,
إسعاف,ambulance,,,
كمين,ambush,كمناء,ambushes,
تعديل,amendment,تعديلات,amendments,
تعديلات,"amendments, modications",,,
وَدود,amiable,,,
ذخيرة,ammunition,,,
حصيلة,amount,حصائل,amounts,
برمائية,amphibian,برمائيات,amphibians,
بَتر,amputation,,,
تعويذة,amulet,,,
تميمة,amulet,,,
تسليفة,an advance,,,
سِكّير,an alcoholic,,,
تمرين,an exercise,تمارين,exercises,
جريح,an injured person,جرحى,injured people,
هَوَس,an obsession,,,أصبح (هوسا) يلازمني في حلي وترحالي
تحليل,analysis,تحاليل,analyses,
الفوضوية,anarchism,,,
الأناضول,Anatolia,,,
وغيره,and more,,,للإجابة على تلك الأسئلة وغيرها
وبالمِثل,and similarly,,,
تخدير,anesthesia,,,
ملاك,angel,ملائكة,angels,
الحنق,anger,,,
كاحل,ankle,كواحل,ankles,
متضايق,annoyed,,,
مُغفل,anonymous,,,
ترياق,antidote,,,
ضدّ,antonym,أضداد,antonyms,
شَجَن,anxiety,,,
جزعًا,anxiously,,,تساءل خضر *،
وتين,aorta,,,
شقّة,apartment,شِقق,apartments,
الفتور,apathy,,,حالة الفتور
التماس,appeal,,,
سَحنة,appearance,,,ذو * غريبة
ملحق,appendix,,,
شهية,appetite,,,
شهية,appetite,,,
ميعاد,appointment,مواعيد,appointments,
توجُّس,apprehension,,,
نهج,approach,,,سنواصل تنمنة هذا
مِشمِش,apricot,,,
نيسان,April,,,
الدلو,Aquarius,,,
تحكيم,arbitration,,,
نشّاب,archer,,,
معمار,architect,,,
معماري,architect,,,دا فينشي مشهر كرسام، نحات، *، وعالم
العِمارة,architecture,,,
قبو,archway,,,
مساحة,area,,,
حلبة,arena,,,السيارة الأفضل للسائق في الطرقات وعلى (الحلبات)
الحَمَل,Aries,,,
ذراع,arm,أذرُع,arms,
مدرّع,armored car,مدرعات,armored cars,
إبط,armpit,آباط,armpits,
الزهو,arrogance,,,
الكبرياء,arrogance,,,
الكِبرياء,arrogance,,,
ترسانة,arsenal,ترسانات,arsenals,
شريان,artery,شرايين,arteries,
خُرشوف,artichoke,خراشيف,artichokes,
فصيح,articulate,,,
مفتعل,artificial,,,
حرفي,artisan,,,
بمجمله,as a whole,,,المجتمع الدولي بمجمله
كالتالي,as follows,,,
زاهد,"ascetic, mystic",زِهاد,ascetics,
الزُهد,asceticism,,,
رماد,ash,,,
تطلعات,aspirations,,,الشعب
اغتيال,assassination,اغتيالات,assassinations,
حقير,asshole,,,
إدماج,assimilation,,,
آشوري,Assyrian,,,
رَبو,asthma,,,
مذهِل,astonishing,,,
ذهول,astonishment,,,
اسطرلاب,astrolabe,,,
منجّم,astrologer,,,
تارةً,at times,,,ينظرون نحو القبو تارة ونحو مدخل الميدان تارة أخرى
الإلحاد,atheisim,,,
زندقة,atheism,,,
ملحد,atheist,ملاحدة,atheists,
رياضي,athlete,,,
ملحق,attaché,,,
اعتداء,attack,اعتداءات,attacks,
جاذبية,attraction,,,
جذاب,attractive,,,
مزاد,auction,,,
المراجعة,auditing,,,
مدرّج,auditorium,مدرّجات,auditoriums,
آب,August,,,
التقشُّف,austerity,,,
النمسا,Austria,,,
الأصالة,authenticity,,,
أديب,author,أدباء,authors,
مؤلف,author,,,
حُجية,authority,,,
سلطة,authority,سُلُطات,authorities,
مرجعية,authority,,,
توحّد,autism,,,
الأتمتة,automation,,,
تشريح,autopsy,,,
بُخل,avarice,,,
معدَّل,average,,,
وسام,award,,,أعلى * مدني في البلاد
مذهل,awesome,,,
أعزب,bachelor,,,
تراكمات,backlog,,,
جراثيم,bacteria,,,
النكد,bad luck,,,هذا الوكن المنكود
البحرين,Bahrain,,,
كفالة,bail,,,
خباز,baker,,,
مخبز,bakery,مخابز,bakeries,
رصيد,balance,أرصدة,assets,
شرفة,balcony,شُرَف,balconies,
كرة,ball,كُوَر,balls,
خَيزُران,bamboo,,,
ناي,bamboo flute,نايات,bamboo flutes,
بلاستر,band-aid,,,
ضماد,bandage,,,
قُصّة,bangs,,,
إبعاد,banishment,,,
مصرف,bank,مصارف,banks,
شُطآن,banks,,,* النيل
راية,banner,رايات,banners,
لواء,banner,ألوية,banners,
مأدبة,banquet,مآدب,banquets,
وليمة,banquet,ولائم,banquets,
التعميد,baptism,,,
معمودية,baptism,,,
حانة,bar,حانات,bars,
همجية,barbarity,,,
المساومة,bargaining,,,
لحاء,bark,,,
الشعير,barley,,,
ثكنة,barracks,,,
وابل,barrage,,,وابل من نيران البنادق الآلية
متراس,barricade,المتاريس,barricades,
معوقات,barriers,,,
سَلة,basket,سلال,baskets,
قُفّة,basket,,,
وَغد,bastard,أوغاد,bastards,
خُفّاش,bat,خفافيش,bats,
مرحاض,bathroom,مراحيض,bathrooms,
هراوة,baton,هراوات,batons,
كتيبة,battalion,,,
معركة,battle,معارك,battles,
منقار,beak,مناقير,beaks,
بقل,bean,بقول,beans,
دُبّ,bear,دببة,bears,
لِحية,beard,لُحى,beards,
قُندُس,beaver,,,
مَضجع,bed,,,
ملاءة,bedsheet,,,
جِعة,beer,,,
خنفساء,beetle,خنافس,beetles,
شحاذ,beggar,شحاذون,beggars,
متسول,beggar,متسولون,beggars,
استجداء,begging,,,
التسول,begging,,,
الشِحاذة,begging,,,
مطلع,beginning,,,
جرس,bell,أجراس,bells,
ناقوس,bell,نواقيس,bells,
حزام,belt,أحزمة,belts,
فائدة,benefit,فوائد,benefits,
مزية,benefit,مزايا,benefits,
توت,berry,,,
انحياز,bias,,,
ميول,bias,,,ميول سياسي
منحاز,biased,,,
أصحاح,Bible chapter,,,
ملياردير,billionaire,مليارديرات,billionaires,
الأحياء,biology,,,
خِزع,biopsy,,,
وحمة,birth mark,,,
مطران,bischop,,,
أسقُف,bishop,أساقف,bishops,
فيل,bishop,,,
مُرّ,bitter,,,
زمهرير,bitter cold,,,(زمهرير) الشمال
مرارة,bitterness,,,
الابتزاز,blackmail,,,
حدّاد,blacksmith,,,
مثانة,bladder,,,
نَصل,blade,,,
عتاب,blame,,,
لحاف,blanket,لحف,blankets,
التجديف,blasphemy,,,
متوهج,blazing,,,تلك النجمة الكبيرة الزراء (المتوهجة) هي نجمة الصباح
نزيف,bleeding,,,(نزيف) في الأنف
خلاّط,blender,,,
كفيف,blind,,,
مكفوف,blind,المكفوفون,the blind (pl),
خِراقة,blister,,,
كتلة,bloc,كتل,blocs,
حصار,blockade,,,
محاصرة,"blockade, siege",,,
مدوَّنة,blog,,,
دم,blood,دماء,blood (pl),
زورق,boat,زوارق,boats,
جثة,body,جثث,bodies,
جَسَد,body,أجساد,bodies,
دُمّل,boil,دماميل,boils,
مسلوق,boiled,,,بيض
جرئ,bold,,,
سند,bond,سندات,bonds,
أواصر,bonds,,,كسر * الفقر
عَظم,bone,عظام,bones,
ضَجِر,bored,,,
التبرُّم,boredom,,,
مَلال,boredom,,,
مملّ,boring,,,
زجاجة,bottle,,,
باقة,bouquet,,,* من الزهور
أحشاء,bowels,,,
زبدية,bowl,زبادي,bowls,
الملاكمة,boxing,,,
صبي,boy,صِبيان,boys,
سوار,bracelet,أسوِرة,bracelets,
فشار,braggart,,,
دماغ,brain,أدمغة,brains,
غصن,branch,أغصان,branches,
شقي,brat,أشقياء,brats,
شُجاع,brave,الشجعان,the brave,
مِجمرة,brazier,,,
مُعيل,breadwinner,,,
فطور,breakfast,,,
تفتيت,breaking up,,,وذلك سعيا من الحكومة الى تفتيت المركزية
اختراق,breakthrough,,,
نهد,breast,,,
نَفَس,breath,أنفاس,breaths,
نسيم,breeze,,,
الارتشاء,bribery,,,
عروس,bride,عرائس,brides,
جسر,bridge,جسور,bridges,
بإيجاز,briefly,,,ناقش
عميد,brigadier general,,,
برّاق,bright,,,
السطوع,brightness,,,زيادة معدل السطوع في صورة
مذيع,broadcaster,,,
مطوية,brochure,مطويات,brochures,
مقشّة,broom,مقشّات,brooms,
مرق,broth,,,
شقيق,brother,أشقاء,brothers,
سِلف,brother-in-law,أسلاف,brothers-in-law,
عديل,brother-in-law,عدائل,brothers-in-law,
متصفح,browser,,,
رَض,bruise,رضوض,bruises,
كدمة,bruise,كدمات,bruises,
رضيض,bruised,,,
فرشاة,brush,,,
وحشية,brutality,,,
فقّاعة,bubble,فقاقيع,bubbles,
فوار,bubbly,,,
إبزيم,buckle,أبازيم,buckles,
بُرعُم,bud,براعم,buds,
موازنة,budget,,,
ميزانية,budget,,,
جاموس,buffalo,جواميس,buffaloes,
بناء,building,بنايات,buildings,
مبنى,building,مباني,buildings,
فحل,bull,,,
رصاصة,bullet,رُصوص,bullets,
بيروقراطية,bureaucracy,,,
حَرق,burn,حروق,burns,
حافلة,bus,حوافل,buses,
بل,but rather,,,
قصاب,butcher,,,
مؤخرة,butt,,,
مقعد,butt,مقاعد,butts,
زُبدة,butter,,,
فراشة,butterfly,فراش,butterflies,
رِدف,buttock,,,
زِرّ,button,أزرار,buttons,
سهوا,by accident,,,تركه * في حقيبته
أجَل,by all means,,,
عرضيا,by chance,,,قد اكتشف عرضيا
مصادفةً,by chance,,,
قسريا,by force,,,
بالمصاهرة,by marriage,,,هي عامتك بالمصاهرة
المتفرجون,bystanders,,,
الملفوف,cabbage,,,
صُبّار,cactus,,,
جيفة,cadaver,,,واصل الصوم ولا تفطر بـ*.
مقهى,cafe,مقاه,cafes,
الحِسبة,calculation,,,
التفاضل,calculus,,,
تقويم,calendar,تقاويم,calendars,
عجل,calf,عجول,calves,
رزين,calm,,,
وديع,calm,,,
التمويه,camoflage,,,
علبة,can,علب,cans,
تُرعة,canal,ترع,canals,
قناة,canal,قنوات,canals,
السرطان,Cancer,,,
شمعدان,candelabra,,,
ترشيح,candidacy,,,
شمعة,candle,شموع,candles,
سعة,capacity,,,سعة التنكر: ٥٠٠٠ جالون
عاصمة,capital,عواصم,capitals,
الجَدي,Capricornus,,,
نقيب,captain,,,
بوق,car horn,أبواق,car horns,
هَيْل,cardamom,,,
مهمل,careless,,,
طُنفُسة,carpet,طنافس,carpets,
جَزَر,carrot,,,
قرطاجة,Carthage,,,
غضروف,cartiledge,,,
صيرفي,cashier,صيارفة,cashiers,
جبيرة,cast,جبائر,casts,
سراديب,catacombs,,,
نكبة,catastrophe,,,
قرموط,catfish,قراميط,catfishes,
كاتدرائية,cathedral,,,
كاثوليكي,Catholic,الكاثوليك,Catholics,
بهيمة,"cattle, livestock (single animal)",بهائم,"cattle, livestock",
قرنبيط,cauliflower,,,
غار,cave,أغوار,caves,
كهف,cave,كهوف,caves,
مغارة,cave,مغارات,caves,
تنبيه,caveat,,,
تجويف,cavity,,,
الأرز,cedar,,,
سقف,ceiling,سقوف,ceilings,
كرفس,celery,,,
خليّة,cell,خلايا,cells,
الاسمنت,cement,,,
جبّانة,cemetary,جبّانات,cemetaries,
التعداد,census,,,
المئويون,centenarians,,,
المركزية,centralization,,,
خَزَف,ceramics,,,
تشريفات,ceremonials,,,
مِنسِك,ceremony,مناسك,ceremonies,
ثقّة,certainty,,,
بالوعة,cesspool,,,
طباشير,chalk,,,
سبّورة,chalkboard,سبّورات,chalkboards,
تحدٍّ,challenge,تحدّيات,challenges,
حِرباء,chameleon,حرابي,chameleons,
شامبنية,champagne,,,
بطولة,championship,,,
ثُرَية,chandelier,ثريات,chandeliers,
هتاف,chant,هتافات,chants,
همجي,chaotic,,,
خوري,chaplain,,,
طابع,character,,,
فحم,charcoal,,,
الإحسان,charity,,,
متفحم,charred,,,جثث متفحمة
كِشّ,check,,,
خُد,cheek,خدود,cheeks,
وجنة,cheek,وجنات,cheeks,
مرح,cheerful,,,
مَرَح,cheerfulness,,,
جُبن,cheese,,,
فهد,cheetah,فهود,cheetahs,
طباخ,chef,,,
كيميائي,chemist,,,
خوفو,Cheops,,,
كَرَز,cherry,,,
كستناء,chestnut,,,
مُضغة,chewing gum,مُضَغ,pieces of chewing gum,
المخاض,childbirth,,,literally: the ordeal
ذقن,chin,ذقون,chins,
الشقشقة,chirping,,,* والمهاترة في السفساف
الشهامة,chivalry,,,
الشهامة,chivalry,,,الأمل في * الرجال لا يخيب.
بَنج,chloroform,,,
جوقة,choir,جوقات,choirs,
نصراني,Christian,نصارى,Christians,
مزمن,chronic,,,مرض
كنيسة,church,كنائس,churches,
قُدّاس,church service,قداديس,church services,
زيز,cicada,,,
كزبرة,cilantro,,,
تصوير,cinematography,,,
دائرة,circle,دوائر,circles,
طواف,circumambulation of the Kaaba,,,
تليّف,cirrhosis,,,
قلع,citadel,قلوع,citadels,
موالح,citrus fruits,,,
جَلَبة,clamor,,,
عشيرة,clan,عشائر,clans,
مواجهة,clash,,,
برثن,claw,براثن,claws,وقالوا إن جدران حجرته جميعها خططتها القطط ببراثنها
مخلب,claw,مخالب,claws,
صلصال,clay,,,
نحنحة,clearing of the throat,,,سمعت * خارج البيت
جرف,cliff,جروف,cliffs,
أوج,climax,,,وكانت التعاون في أوجه بين
ذروة,climax,,,الربيع العربي يعرف * مأساته في سوريا
عيادة,clinic,,,
قبقاب,clogs,,,
بتمعنٍ,closely,,,إعادة التفكير في الموقف بتمعن
جلطة,clot,جلطات,clots,
مشبك,clothes pin,مشابك,clothes pins,
سحابة,cloud,سُحُب,clouds,
غيمة,cloud,غيوم,clouds,
غائم,cloudy,,,
فص,clove of garlic,فصوص,cloves of garlic,
برسيم,clover,,,
سباتي,clubs,,,
تحالف,coalition,,,التحالف الأمريكي الروسي
ساحل,coast,سواحل,coasts,
معطف,coat,معاطف,coats,
مشجب,coat rack,,,or pegتضع ملابسك المدنية على مشجب
مُعامِل,coefficient,,,
الإكراه,coercion,,,
التعايش,coexistence,,,
فنجان,coffee cup,فناجين,coffee cups,
مقصف,coffee shop,مقاصف,coffee shops,
نعش,coffin,نعوش,coffins,
متعايش,cohabitant,,,
تلاحم,cohesion,,,التنسيق و*
غربال,colander,غرابيل,colanders,
بفُتور,coldly,,,استقبل
انهيار,collapse,,,
قَبّة,collar,قبّات,collars,
ياقة,collar,,,
ترقوة,collarbone,تراق,collarbones,
ديوان,collection of poetry,دواوين,collections of poetry,
التواطؤ,collusion *,,,لارتكاب جرائم إبادة جمعية
قولون,colon,,,
عقيب,colonel,,,
الاستعمار,colonialism,,,
مستعمرة,colony,مستعمرات,colonies,
عمود,column,أعمدة,columns,
غيبوبة,coma,,,
مُشط,comb,أمشاط,combs,
فكاهي,comedian,,,
مذنَّب,comet,,,مذنب هالي
بطّانية,comforter,بطاطين,comforters,
مغوار,commando,مغاوير,commandos,
تفويض,commision,,,
لجنة,committee,لجان,committees,
سلعة,commodity,سلع,commodities,
المشتركات,common denominators,,,بحث عن
هياج,commotion,,,صرخ بكر في *:
الاتصال,communication,,,
الإشارة,communications,,,
القربان,Communion,,,
الشيوعية,communism,,,
سَرّية,company,,,
بوصلة,compass,,,
الإشفاق,compassion,,,
شَفَقة,compassion,,,
متعاطف,compassionate,,,
صلاحية,competency,,,
منافسة,competition,,,
التهاون,complacency,,,
غُسل,complete ablution,,,
مضاعفات,complications,,,
ملحّن,composer,,,
تركيبة,compound,تراكيب,compounds,
شامل,comprehensive,,,
قهري,compulsive,,,شد الشعر القهري
مغرور,conceited,,,
الحمل,conception,,,
تنازلات,concessions,,,
استنتاج,conclusion,,,
تعزية,condolences,تعازٍ,condolences,
واثق,confident,,,
ضرام,conflagration,,,
حائر,confused,,,
بَلبَلة,confusion,,,
حيرة,confusion,,,
خِلقي,congenital,,,عيب خلقي
احتقان,congestion,,,
تهاني,congratulations,,,
تهنئة,congratulations,,,
مخروطي,conical,,,
واسطة,connections,,,
ضمير,conscience,,,
وجدان,conscience,,,
تقديس,consecration,,,
الإجماع,consensus,,,
استئذان,consent,,,
تداعيات,consequences,,,حادث
مغبّة,consequences,,,يحذر من مغبة السكوت
كوكبة,constellation,كوكبات,constellations,
إمساك,constipation,,,
دستور,constitution,دساتير,constitutions,
استشاري,consultant,استشاريون,consultants,
استهلاك,consumption,,,
احتواء,containment,,,
ملوِّث,contaminant,,,
ازدراء,contempt,,,
مشاكس,contentious,,,الإعلامالأصوات
مضمون,contents (sg),مضامين,contents (pl),
قارّة,continent,,,
صيرورة,continuity,,,
انقباض,contraction,,,
مقاول,contractor,,,
تناقض,contradiction,تناقضات,contradictions,
متضارب,contradictory,,,
مساهمة,contribution,,,
التوجيه,controlling,,,
جدل,controversy,,,
إدانة,conviction,,,
رتل,convoy,,,يخرج رتل السيارات ليصطدم بارتال السيارات الاخرى
تشنُج,convulsion,,,
طاهٍ,cook,طهاة,cooks,
الإحداثيات,coordinates,,,
ضافي,copious,,,قال في خطابه (الضافي)
نحاس,copper,,,
مرجان,coral,,,شعاب مرجانية
برّيمة,corkscrew,,,
ذُرة,corn,,,
قَرنية,cornea,,,
ناصية,corner,نواص,corners,
عريف,corporal,,,
فيلق,corps,,,
جثمان,corpse,جثامين,corpses,
دهليز,corridor,دهاليز,corridors,
تجميلي,cosmetic,,,
تكليف,cost,تكاليف,costs,
كُلفة,cost,كلف,costs,
قطن,cotton,أقطان,cottons,
سُعلة,cough,,,
سُعال,coughing,,,
مجلس,council,مجالس,councils,
مضادّ,counter-,,,
بلاد,country,بلدان,countries,
رسول,courier,,,
مهذّب,courteous,,,ه
مجملات,courtesies,,,
باحة,courtyard,,,
حَوش,courtyard,,,
نَدل,coward,,,
جبان,cowardly,جبناء,cowards,
سرطان,crab,سرطانات,crabs,
صنعة,craft,,,
مهنة,craft,,,
تقلص,cramp,,,
غُرنوق,crane,غرانيق,cranes,
صدقية,credibility,,,
مصداقية,credibility,,,
دائن,creditor,,,بلد دائنة
طاقم,crew,,,طاقم سفينة
الإجرام,crime,,,
ناقد,critic,نقاد,critics,
محصول,crop,محاصيل,crops,
زروع,crops,,,
صليب,cross,صلبان,crosses,
غُراب,crow,غِربان,crows,
تاج,crown,تيجان,crowns,
قاسٍ,cruel,قساة,cruel people,
قسوة,cruelty,,,
طراد,cruiser,,,طراد صاروخي روسي (سفينة)
مسحوق,crushed,,,
قشرية,crustacean,,,
عُكّاز,crutch,عكازات,crutches,
البُكى,crying,,,
قدح,cup,,,
كوب,cup,أكواب,cups,
إفريز,curb,أفاريز,curbs,
الفضول,curiosity,,,
منهج,curriculum,مناهج,curriculums,
نِقمة,curse,,,
ستارة,curtain,ستائر,curtains,
وِسادة,cushion,وسائد,cushions,
عادة,custom,عادات,customs,
قَطع,cut,قطوع,cuts,
بُشيرة,cuticle,,,
قُرمة,cutting board,قُرَم,cutting boards,
التهكم,cynicism,,,مثير للتهكم والسخرية
حُوَيصلة,cyst,,,
خنجر,dagger,,,
ألبان,dairy products,,,
ضرر,damage,أضرار,damages,
الإضرار,damages,,,تؤمن ممتلكات الشركة ضد كافة المخاظر و* والخسائر
راقص,dancer,,,
القشرة,dandruff,,,
داكن,dark,,,
غامق,dark,,,
العِتمة,darkness,,,
بيانات,data,,,
مُعطيات,data,,,
كريمة,daughter,كرائم,daughters,
كَنّة,daughter-in-law,كنائن,daughters-in-law,
نهار,day,أنهُر,days,
باهر,dazzling,,,
أصم,deaf,الصُم,the deaf (pl),
صفقة,deal,صفقات,deals,
عزيز,dear,أعزّاء,dear (pl),
سجال,debate,,,
مناظرة,debate,مناظرات,debates,
متناظر,debator,,,
حطام,debris,,,
دين,debt,ديون,debts,
مَدين,debtor,,,
عقد,decade,عقود,decades,
انحلال,decay,,,العقل
دجّال,deceitful,,,
اللامركزية,decentralization,,,
اللامركزية,decentralization,,,
حاسم,decisive,,,
انحدار,decline,,,
تدنّ,decline,,,
فرمان,decree,,,بـ* مدرب النادي
إهداء,dedication,,,
ظبي,deer,ظباء,deer (pl),
هزيمة,defeat,هزائم,defeats,
جِماح,defiance,,,
تعريف,definition,,,
التشويه,deformation,,,
الهوان,degredation,,,
تأليه,deification,,,
بعثة,delegation,بعثات,delegations,
وفد,delegation,وفود,delegations,
حرج,"delicate, sensitive",,,
شهي,delicious,,,
سِرور,delight,,,
مسرور,delighted,,,
هذيان,delirium,,,
إدلاء,"delivery, presentation",,,
وهم,delusion,أوهام,delusions,
سكاني,demographic,,,ظروف سكانية
متظاهرون,demonstrators,,,
مذهب,denomination,مذاهب,denominations,
إنكار,denying,,,لا يمكن انكار التدخلات الأمريكية
وثيق,dependable,,,
كساد,depression,,,
وكيل,deputy,وكلاء,deputies,
صحراء,desert,صحارى,deserts,
التصحر,desertification,,,
تصميم,designlayout,,,
مكتب,desk,مكاتب,desks,
قُنوط,despair,,,
البائسون,desperate people,,,
خسيس,despicable,,,لا لك من وغد *.
دني,despicable,أشخاص أدنياء,despicable people,وصف الهجوم بالدني
واجم,despondent,,,رجع الناس إلى البيوت واجمين.
زعزعة,destabilization,,,
معتقل,detainee,معتقلون,detainees,
الانفراج,détente,,,
تدهور,deterioration,,,
العزيمة,determination,,,والصبر
مصمّم,determined,,,
رادع,deterrent,روادع,deterrents,
مدمر,devastating,,,
انحراف,deviation,,,
الورع,devoutness,,,مال إلى ال* والتقوى.
حاذق,dextrous,,,
تشخيص,diagnosis,,,
تشخيص,diagnosis,,,
قُطري,diagonal,,,
مائل,diagonal,,,
ماسة,diamond,,,
ديناري,diamonds,,,
إسهال,diarrhea,,,
شتات,diaspora,,,
السولار,diesel,,,
الصعاب,difficulty,,,
الكرامة,dignity,,,
جاه,dignity,,,لا مال ولا جاه
نخوة,dignity,,,لا يمكن أن تكون النخوة قد ضاعت إلي الأبد
استطراد,digression,,,
معضلة,dilemma,معاضل,dilemmas,
نُقرة,dimple,,,
عشاء,dinner,أعشية,dinners,
مدير,director,مدراء,directors,
كارثة,disaster,كوارث,disasters,
مصيبة,disaster,مصيبات,disasters,
إفرازات,discharge,,,
خطاب,discourse,,,
حصيف,discreet,,,
كتوم,discreet,,,
التمييز,discrimination,,,
التحقير,disdain,,,التقليل و
مرض,disease,أمراض,diseases,
الهَون,disgrace,,,
خزى,disgrace,,,لتحل بك اللعنة والـ*.
تغاضي,disgregarding,,,خطورة * المجتمع الدولي
مقزز,disgusting,,,
صحْن,dish,صحون,dishes,
طَبَق,dish,أطباق,dishes,
مطهّر,disinfectant,,,
خلل,disorder,,,
متباين,disparate,,,
نازح,displaced person,نازحون,IDPs,
النزوح,displacement,,,
المهاترة,dispute,,,الشقشقة و* في السفساف
تنازع,dispute,,,
الاحتقان,disruption,,,الأوضاع السياسية والأمنية
أطروحة,dissertation,,,
منشق,dissident,,,
مسافة,distance,,,
مميَّز,distinguished,,,
تشويه,"distortion, disinformation",,,
إلهاء,distraction,,,
انحرافات,distractions,,,
غطسة,dive,,,
التنوّع,diversity,,,
ألهية,divine power,,,
الغطس,diving,,,
القِسمة,division,,,
فرقة,"division, squad",,,
الطلاق,divorce,,,
دَوخة,dizziness,,,
دائخ,dizzy,,,
عقيدة,dogma,عقائد,dogmas,
الدوحة,Doha,,,
دلفين,dolphin,دلافين,dolphins,
قبة,dome,قِباب,domes,
الهيمنة,domination,,,
هِبَة,donation,هِبات,donations,
حِمار,donkey,حَميِر,donkies,
جُرعة,dose,جُرَع | جرعات,doses,
إضبارة,dossier,,,
منقّط,dotted,,,
مُرتاب,doubtful,,,
عجين,dough,,,
تحميل,downloading,,,
تنزيل,downloading,,,
بائنة,dowry,,,
صِداق,dowry,صُدُق,dowries,
مهر,dowry,مهور,dowries,
مسودّة,draft,,,مسودة الدستور
بلّاعة,drain,بلّاعات,drains,
دُرج,drawer,أدراج,drawers,
فستان,dress,فساتين,dresses,
تسريحة,dresser,تسريحات,dressers,
مجفف,dried,,,حليبفواكه
تمر,dried dates,,,
مشروب,drink,مشروبات,drinks,
هجين,dromedary,هُجُن,dromedaries,
جفاف,drought,,,
خمول,drowsiness,,,في الصباح قال ب*،
طبلة,drum,طُبَل,drums,
سكران,drunk,سكارى,drunks,
مخمور,drunk,,,
سَكرة,drunkennes,,,
دروزي,Druze,الدروز,The Druze,
ناشف,dry,,,خبزثوب
دبيّ,Dubai,,,
استحقاقات,Dues,,,
مستحقات,dues,,,دفع
روث,dung,أرواث,droppings,
متين,durable,,,فخ
ديمومة,duration,,,
تراب,dust,,,
غُبار,dust,,,
قَزَم,dwarf,أقزام,dwarves,
صِبغة,dye,,,
سلالة,dynasty,,,
عقاب,eagle,عقبان,eagles,
أُذُن,ear,آذان,ears,
مبكر,early,,,
حلق,earring,حِلقان,earrings,
قُرط,earrings,,,اقترحت فلة أن تبيع قرطها الذهبي
بُرمة,earthenware pot,بُرِم، بِرام,earthenware pots,
أهون,easier,,,يتصوره * مما هو
صدى,echo,أصداء,echoes,
استسقاء,edema,,,
جرّيث,eel,,,
الكفاءة,efficiency,,,
دُمية,effigy,,,أختتم المتظاهرون ثورتهم بإحراق دمية الرئيس
مسعى,effort,مساع,efforts,
بويضة,egg,,,
باذنجان,eggplant,,,
كوع,elbow,أكواع,elbows,
مِرفق,elbow,مرافق,elbows,
قابس,electrical plug,,,
فيل,elephant,فيلة,elephants,
أحقية,eligibility,,,
دَردار,elm,,,
فصاحة,eloquence,,,
بليغ,eloquent,,,
ضامر,emaciated,,,امراءة عجفاء ضامرة
الانعتاق,emancipation,,,ضرب للحرية و* العربية
جَمر,embers,,,
الاختلاس,embezzlement,,,
تطريز,embroidery,,,
توظيف,employment,,,
موسوعة,encyclopedia,موسوعات,encyclopedias,
عَدوّ,enemy,أعداء,enemies,
انجلترا,England,,,
ممتع,enjoyable,,,
إثراء,enriching,,,كل ما يقدمه معهد سميثسونيان ل* تراثنا الثقافي
تخصيب,enrichment,,,
الوفاق,entente,,,
مسلٍّ,entertaining,,,
الترفيه,entertainment,,,
التسلية,entertainment,,,
بطانة,entourage,بطائن,entourages,
حاشية,entourage,,,لضمان أمن مبارك وحاشيته
حَسود,envious,حُسُد,envious people,
مبعوث,envoy,مبعوثون,envoys,
الحسد,envy,,,
ملحمي,epic,,,
صَرَع,epilepsy,,,
المساواة,equality,,,
معادلة,equation,معادلات,equations,
الاعتدال,equinox,,,
إنصاف,equity,,,
حِقبة,era,حقبات,eras,
ممحاة,eraser,,,
مرئ,esophagus,أمرائة | مروء,esophaguses,
تقدير,estimate,تقديرات,estimates,
التخثر,eutrophication,,,
التهجير,evacuation,,,
الجميع,everybody,,,
التطور,evolution,,,
مبالغ,exaggerated,,,
استنطاق,examination,,,
التنقيب,excavation,,,
الحفر,excavation,,,
رائع,excellent,,,
مقتطف,excerpt,مقتطفات,excerpts,
الإفراط,excessiveness,,,
مثار,excited,,,
إثارة,excitement,,,
مثير,exciting,,,
عادم,exhaust,عوادم,exhausts,
منفى,exile,,,
الوجودية,existentialism,,,
إنفاق,expenditure(s),,,
المصروفات,expenses,,,النفاقات
تجربة,experiment,,,
انفجار,explosion,,,
تفجير,explosion,,,
مفرقع,explosive,مفرقعات,explosives,
إصدار,exporting,,,
صادرات,exports,,,
موسّع,extensive,,,
منقرِض,extinct,,,
انقراض,extinction,,,
الإسراف,extravegance,,,
القيظ,extreme heat,,,الخيام التي لا تحميهم من القيظ والبرد إلا القليل
متطرف,extremist,,,
رِمش,eyelash,رموش,eyelashes,
جَفن,eyelid,جفون,eyelids,
قماش,fabric,أقمشة,fabrics,
ملفّق,fabricated,,,
واجهة,façade,,,
مرفق,facility,مرافق,facilities,
منشأة,facility,منشآت,facilities,
حقيقة,fact,حقائق,facts,
فصيلة,faction,فصائل,factions,
إخفاق,failure,إخفاقات,failures,
منصف,fair,,,
المعتقَد,faith,,,
باز,falcon,بيزان,falcons,
مألوف,familar,,,
قحط,famine,,,
مروحة,fan,مراوح,fans,
متعصّب,fanatic,,,
جمهور,fans,,,
وداع,farewell,,,
فلاح,farmer,,,
مُزارع,farmer,,,
ضرطة,fart,,,
الشحم,fat,,,
سمين,fat,,,
مميت,fatal,,,
القدر,fate,الأقدار,The Fates,
المنايا,fate,,,نكُف المنايا بكف المنون.
مصيري,fateful,,,
حَماه,father-in-law,أحماء,fathers-in-law,
إرهاق,fatigue,,,
إعياء,fatigue,,,
صنبور,faucet,صنابير,faucets,
التفضيل,favoritism,,,
المُحاباة,favoritism,,,
خيفة,fear,,,
شُباط,February,,,
بِراز,feces,,,
خراء,feces,,,
العلف,feed,,,الدواجن
اللباد,felt,,,كاب البيسبول مصنوع من *
أنثى,female,إناث,females,
أنوثة,femininity,,,
سياج,fence,,,
خِنشار,fern,,,
الخصوبة,fertility,,,
الإخصاب,fertilization,,,
الخصوبة,fertilization,,,
سماد,fertilizer,أسمدة,fertilizers,
جنين,fetus,أَجِنَّة,fetuses,إجهاض
حُمّى,fever,حمّيات,fevers,
خطيب,fiancee,,,
الألياف,fiber,,,الأطعمة الغنية ب
حقل,field,حقول,fields,
ملعب,field,,,
بضراوة,fiercely,,,تحارب عمالة الأطفال بضراوة
عراك,fight,,,
ضِمنيًا,figuratively,,,
حَشو,filling (teeth),,,
رجس,filth,,,تطهير ربوع اليمن من *هم
قذارة,filth,,,
زعنفة,fin,زعانف,fins,
غرامة,fine,غرامات,fines,
إصبع,finger,أصابع,fingers,
ظفر,fingernail,أظفار,fingernails,
حريق,fire,حرائق,fires,
نار,fire,نيران,fires,
مدفأة,fireplace,,,
حَطَب,firewood,,,
حازم,firm,,,
حرشف,fish scale,حراشف,fish scales,
حَسَك,fishbones,,,
صنّارة,fishing rod,صنانير,fishing rods,
الرشاقة,fitness,,,
شعلة,flame,,,
لهب,flame,,,
بَشَروش,flamingo,,,
فَطَس,flatness,,,في أنفها *.
مداهنة,flattery,,,
الانتفاح,flatulence,,,طرق للتخلص من الانتفاخ
طعم,flavor,طُعوم,flavors,
نكهة,flavor,نكهات,flavors,
برغوث,flea,براغيث,fleas,
أسطول,fleet,,,
واهٍ,flimsy,,,سبب واه ٍغير مقنع
مغازلة,flirtation,,,
طاف,floating,,,* فوق الماء
طوفان,flood,,,
فيضان,flood,,,
أرضية,floor,,,
طابق,floor,طوابق,floors,
زهرة,flower,زهور، أزهار,flowers,
أنفلونزا,flu,,,
ذبابة,fly,ذباب,flies,
مُهر,foal,أمهار,foals,
مناط,focus,,,تظل * الأمل الفعلى لتحقيق استقرار الدولة
مجلّد,folder,,,
موّال,folk song,,,ألم تشبع من هذا الموال؟
أخرق,foolish,,,
مليا,for a while,,,صمت * ثم قال،
بدورهم,for their part,,,
السُخرة,forced labor,,,
زند,forearm,زنود,forearms,
ساعد,forearm,سواعد,forearms,
جبهة,forehead,جبهات,foreheads,
جبين,forehead,جُبُن,foreheads,
غُرلة,foreskin,,,
نسيان,forgetting,,,ذلك لا يعني نسيان الماضي
غُفران,forgiveness,,,
شوكة,fork,شُوَك,forks,
نموذج,form,نماذج,forms,* تبليغ الوفاة
الرسمية,formalism,,,
حصن,fortress,حصون,fortresses,
محفل,forum,محافل,forums,
منتدى,forum,,,
أحفور,fossil,أحافير,fossils,
أساس,foundation,أُسُس,foundations,
ينبوع,fountain,ينابيع,fountains,
ثعلب,fox,ثعالب,foxes,
كسر,fraction,كسور,fractions,
التشرذم,fragmentation,,,
عَبَق,fragrance,,,
عَبِق,fragrant,,,
عَطِر,fragrant,,,
الأخوّة,fraternity,,,
الاحتيال,fraud,,,
نَمَش,freckle,,,
نولون,freight,,,(نولون) شحن بضائع الشركات
طازج,fresh,,,
بلح,fresh dates,,,
مقلي,fried,,,الأكل المقلي
ضفدع,frog,ضفادع,frogs,
صقيع,frost,,,
مقتصد,frugal,,,
إحباط,frustration,,,
قلاّية,frying pan,,,
مقلاة,frying pan,مقالٍ,frying pans,
محروقات,fuel,,,
آبِق,fugitive,,,
شبعان,full,هم شباعى,they are full,
بدر,full moon,,,
الأدخنة,fumes,,,
التبخير,fumigation,,,
مرح,fun,,,
أصولي,fundamentalist,,,
جنازة,funeral,جنازات,funerals,
مأتم,funeral,,,انقلب الزفة مأتما.
مضحك,funny,,,
فرو,fur,فِراء,furs,
فروة,fur,فراوي,furs,
حَنِق,furious,,,
أثاث,furniture,,,
مفروشات,furniture,,,
عائدة,gain,عوائد,gains,
مكسب,gain,,,
مجرّة,galaxy,,,
الجليل,Galilee,,,
مِشنقة,gallows,مشانق,gallows (pl),
مقامر,gambler,,,
قِمار,gambling,,,
عصابة,gang,عصابات,gangs,
فجوة,gap,فجوات,gaps,
البستنة,gardening,,,
بوّابة,gate,,,
شاش,gauze,,,
غزال,gazelle,غِزلة,gazelles,
الجوزاء,Gemini,,,
كريم,generous,كرام,generous people,
تناسلي,genital,,,
عبقري,genius,عباقرة,geniuses,
اللين,gentleness,,,
بلطفٍ,gently,,,
لفتة,gesture,لفتات,gestures,في لفتة انسجام نادرة
شَبَح,ghost,أشباح,ghosts,
عملاق,giant,عمالقة,giants,
خَيشوم,gill,خياشيم,gills,
زنجبيل,ginger,,,
زرافة,giraffe,زرافات,giraffes,
صبية,girl,صبايا,girls,
جليدية,glacier,جليديات,glaciers,
غُدة,gland,غُدَد,glands,
الزجاج,glass,,,
بريق,glitter,,,
رحالة,globetrotter,,,
دُجى,gloom,,,الظلام وستر الـ* المطبق
قاتم,gloomy,,,
ضياء,glow,,,
صمغ,glue,,,
ملول,glum,,,إنسان عاطل و* ومشاكس
فجعان,gluttonous,,,
الشراهة,gluttony,,,
ماعز,goat,مواعز,goats,
إله,god,آلهة,gods,
عرّاب,godfather,,,
عرابة,godmother,,,
هُدى,good guidance,,,
محاسن,good qualities,,,
حليم,good-natured,حلماء,good-natured people,
إوزّة,goose,إوز,geese,
النقرس,gout,,,مفعوله قويٌّ جدّاً في علاج النقرس
الحوكمة,governance,,,
حاكم,governor,حكّام,governors,
برشاقة,gracefully,,,
بالتدريج,gradually,,,غيّر أفكاره *.
بالتدريج,gradually,,,
غَلة,grain,غِلال,grain,محل لبيع الـ*.
لارِنج,grapefruit,,,
عُشب,grass,,,
مِبشرة,grater,,,
الامتنان,gratitude,,,
جَدَث,grave,,,
الجاذبية,gravity,,,
ممتاز,great,,,
الجشع,greed,,,
الطمع,greed,,,
طماع,greedy,,,
رمادي,grey,,,
مشوي,grilled,,,
العانة,groin,,,
أخدود,groove,grooves,أخاديد,في الأرض
رهط,group,,,أنتَ تتظاهر أمام رَهْطكَ وأصهارِكَ أنك على ما يُرام
جماعة,"group, association",جماعات,"groups, associations",
جمعية,"group, association",جمعيات,"groups, associations",
نموّ,growth,,,
حفيظة,grudge,,,أثار تقارب العلاقات بين القاهرة وموسكو * والشنطن
كفالة,guarantee,,,
حارس,guard,حراس,guards,
حَدس,guess,,,قطع علي حدسي
إرشادات,guidelines,,,
مِقصلة,guillotine,,,
مذنب,guilty,,,
خليج,gulf,خُلجان,gulfs,
عِلك,gum,,,
لِثّة,gums,,,
مسلّح,gunman,,,
جهبذ,guru,gurus,جهابذة,
الجمباز,gymnastics,,,
عاهة,hadicap,,,
بَرَد,hail,,,
الاستراحة,half-time,,,
هلوَسة,hallucination,,,
ممرّ,hallway,ممرّات,hallways,
مطرقة,hammer,مطارق,hammers,
يد,hand,إيد,hands,
مكبّل,handcuffed,,,
إعاقة,handicap,,,
معوق,handicapped,,,
مقبض,handle,,,
شَنق,hanging,,,
متشدد,hard-liner,,,
قلما,hardly ever,,,
شَظَف,hardship,,,شظف العيش
مشقّة,hardship,,,
حصاد,harvest,,,
قبّعة,hat,قبّعات,hats,
رأس,head,رؤوس,heads,
صُداع,headache,,,
معقل,headquarters,معاقل,headquarters (pl),
مقرّ,headquarters,مقارّ,headquarters (pl),
صحة,health,,,
سليم,healthy,سلماء,healthy (pl),
السمع,hearing,,,
حُموضة,heartburn,,,
كُبّة,hearts,,,
الخليل,Hebron,,,
قُنفُذ,hedgehog,قنافذ,hedgehogs,
عَقِب,heel,أعقاب,heels,
ارتفاع,height,,,
مروحية,helicopter,مروحيات,helicopters,
خوذة,helmet,خوذات,helmets,
النجدة,help,,,
الناعور,hemophelia,,,
بواسير,hemorrhoids,,,
القنب,hemp,,,
حِناء,henna,,,
عُشب,herb,أعشاب,herbs,
البدعة,heresy,,,
خنثى,hermaphrodite,خناثي,hermaphrodites,
ناسك,hermit,نُساك,hermits,هذا الراهب قضى خمسة سنوات في الجبال يحيا حياة النساك.
صَومعة,hermitage,,,
بَلَشون,heron,,,
متحفظ,hesitant,,,
متردد,hesitant,,,
الإسبات,hibernation,,,
فواق,hiccups,,,
مُخبّأ,hidden,,,
مخبأ,hiding place,مخابئ,hiding places,
الهيروغليفية,hieroglyphics,,,
نجد,highland,,,
هضبة,highlands,هضاب,highlands (pl),
حرابة,highway robbery,,,
تلّ,hill,تلال,hills,
ورك,hip,أوراك,hips,
سعادة,his excellency,,,
سيادة,his excellency,,,
فخامة,his excellency,,,
مناوبته,his watch,,,
مؤرخ,historian,,,
بُحة,hoarseness,,,
هواية,hobby,هوايات,hobbies,
ثُقب,hole,ثقوب,holes,
حفرة,hole,حفر,holes,
مِحرقة,holocaust,,,
التجانس,homogeneity,,,
تجانس,Homogeneity,,,
نزيه,honest,نزهاء,honest people,
الإجلال,honor,,,
حافر,hoof,حوافر,hooves,
هدهد,hoopoe,هداهد,hoopoes,
أفق,horizon,آفاق,horizons,
أفقي,horizontal,,,
هرمون,hormone,,,
بَشِع,horrific,,,
رعب,horror,,,
رهينة,hostage,رهائن,hostages,
دار,house,دُور,houses,
البشر,humans,,,
متواضع,humble,,,
رَطب,humid,,,
طنّان,hummingbird,,,
المَجَر,Hungary,,,
جائع,hungry,هم جياع,they are hungary,
القنص,hunting,,,
إعصار,hurricane,أعاصير,hurricanes,
مؤْذٍ,hurtful,,,
عريس,husband-to-be,عرسان,husbands-to-be,
كوخ,hut,أكواخ,huts,أكواخ من الطين
ضبع,hyena,ضِباع,hyenas,
ترنيمة,hymn,ترانيم,hymns,
تسبيحة,hymn,,,
منافق,hypocrite,منافقون,hypocrites,
افتراضي,hypothetical,,,
شدّني,I noticed,,,
ألهمني,I was inspired by,,,
أمازحك,I'm kidding,,,
إيقونة,icon,,,
الميثالية,idealism,,,
الاستعراف,identification,,,
عقائدي,ideological,,,
صنم,idol,أصنام,idols,
وثن,idol,,,
شِرك,idolatry,,,
جاهل,ignorant,جهلاء,ignorant people,
مخيّلة,imagination,,,
إمام,imam,أئمّة,imams,
عمانوئيل,Immanuel,,,
مرتقب,imminent,,,
مناعة,immunity,,,
تحصين,immunization,,,
مَصل,immunization,,,
الحياد,impartiality,,,
مأزق,impasse,,,
متلهفا,impatiently,,,هرع إليه *.
مستورد,imported,,,
استيراد,importing,,,
واردات,imports,,,
عنين,impotent,,,
انطباع,impression,,,
الارتجال,improvisation,,,
شوائب,impurities,,,خالي من أي شوائب
النجاسة,impurity,,,
نجاسة,impurity,,,
مقابل,in exchange for,,,
بصدد,in front of,,,
بحذافيره,in its entirety,,,
باعتقادي,in my mind,,,
تحديدا,in particular,,,لماذا اخترت هذا
برغمته,in spite of himself,,,البلاد
تباعا,in succession,,,
إبان,in the period of,,,
بصدد,in the process of,,,
نسيب,in-law,أنسباء,in-laws,
عَجز,inability,,,
سهوا,inadvertently,,,
تأنُس,incarnation,,,
النِد,incense,,,رائحة الصندل المحروق و*
بَخور,incense,,,
بوصة,inch,,,٢٠ بوصة للحجر
بَلى,indeed,,,
دؤوب,indefatigable,,,
فهرس,index,فهارس,indexes,
سبّابة,index finger,,,
مؤشر,indicator,,,
تخمة,indigestion,,,
امتعاض,indignation,,,سأله ب* شديد: هل رجع عصر المعجزات؟
الصناعة,industry,,,
مغمور,infamous,,,
عَدوى,infection,,,
أدنى,inferior,,,نحن الأعلى وأنتم الأدنى
سعير,inferno,,,
عاقر,infertile,,,
التِهاب,inflammation,,,
التضخّم,inflation,,,
مقدار,ingredient,مقادير,ingredients,
مقادير,ingredients,,,
إصابة,injury,,,
جُرح,injury,جراح,injuries,
دواة,inkwell,,,
محبرة,inkwell,,,
شرم,inlet,شروم,inlets,
بالفِطرة,innately,,,هو جذاب *
برئ,innocent,أبرياء,innocent people,
المدخلات,inputs,,,
مُخبّل,insane,,,
نقوش,inscriptions,,,
النُبه,insight,,,
الإلحاح,insisting,,,يستحيل أن تكسر بـ* قشرة طفل خجول
الغطرسة,insolence,,,
وقح,insolent,,,
أَرَق,insomnia,,,
أرق,insomniac,,,
معهد,institute,معاهد,institutes,
ممأسس,institutionalized,,,تمييز ممأسس
سِباب,insult,,,ملأ سبابه الأسماع
عصيان,insurrection,,,
النزاهة,integrity,,,
الذكاء,intelligence,,,
النباهة,intelligence,,,
مخابرات,intelligence,,,
نبيه,intelligent,نبهاء,intelligent people,
كثيف,intense,كثاف,intense people,
نية,intention,نوايا,intentions,
تعطيل,interruption,,,
معوي,intestinal,,,
المهابة,intimidation,,,
تنغيم,intonation,,,
ثَمِل,intoxicated,,,
انتشاء,intoxication,,,
جَرد,inventory,,,
تحقيق,investigation,,,
تحقيق,investigation,,,
الاكتتاب,IPO,,,طرح الشركة ل*
زَنبَق,iris,,,
قُزَحية,iris,,,
مكواة,iron,مكاوٍ,irons,
خروجات,irregularities,,,
الري,irrigation,,,
تهيج,irritation,,,
شُخُط,irritation,,,
يسمّى,is called,,,
قضيّة,issue,قضايا,issues,
مسألة,issue,,,
حِكّة,itch,,,
العاج,ivory,,,
لبلاب,ivy,,,
سترة,jacket,سُتَر,jackets,
يافة,Jaffa,,,
مربّى,jam,,,
مكتظّ,jam-packed,,,
بلاص,jar,بلاليص,jars,بلاليص من الليمون والزيتون المخلل
جرّة,jar,جِرار,jars,
وعاء,jar,أوعية,jars,
شِدق,jaw,أشداق,jaws,
فك,jaw,فكوك,jaws,
أريحا,Jericho,,,
قديد,jerkey,,,
جوهرة,jewel,جواهر,jewels,
صائغ,jeweler,صاغة,jewelers,أسعار الذهب ب(الصاغة) وأسواق الذهب
مصوغات,jewelry,,,
وظيفة,job,وظائف,jobs,
مَفصِل,joint,مفاصل,joints,
مداعِب,joking,,,قال مداعبا
قاضٍ,judge,قضاة,judges,
إبريق,jug,أباريق,jugs,
حاوٍ,juggler,حواة,jugglers,يلعب بالنبوت لعب الحواة
عصير,juice,عصائر,juices,
ماوى,juicy,,,
تموز,July,,,
منعطف,juncture,,,
حُزَيران,June,,,
دغل,jungle,أدغال,jungles,
العرعار,juniper,,,
المشترى,jupiter,,,
إشراف,jurisdiction,,,
اختصاص,jurisdiction,,,
محلّف,juror,,,
العدالة,justice,,,
العدل,justice,,,
علة,justification,علل,justifications,الإكتشافات العلمية الحديثة في الغرب والصين تؤيد علل الشريعة
جربوع,kangaroo mouse,,,الجربوع الجوعان للجزر
غلاية,kettle,,,
خفرع,Khafre,,,
الخرطوم,Khartoum,,,
رَكلة,kick,,,
عيِّل,kid,عيال,kids,
الاختطاف,kidnapping,,,
كُليْة,kidney,كُلى,kidnies,
قاتل,killer,قتلة,killers,
سَمح,kind,,,
شفوق,kind,,,
عطوف,kind,,,
الرِفق,kindness,,,
ملك,king,ملوك,kings,
قُبلة,kiss,قبلات,kisses,
مطبخ,kitchen,مطابخ,kitchens,
رُكبة,knee,رُكَب,knees,
سكّين,knife,سكاكين,knives,
حصان,knight,,,
عُقلة,knuckle,,,
الكويت,Kuwait,,,
مختبر,labratory,,,
تخريمة,lace,,,
تمزّق,laceration,,,
الضبابية,lack of clarity,,,في سياسة امريكا تجاه سوريا
مِعراج,ladder,,,
مسترخي,laid-back,,,
حَمَل,lamb,حملان,lambs,
خروف,lamb,خراف,lambs,
مصباح,lamp,مصابيح,lamps,
يَرَقان,larvae,,,
حنجرة,larynx,,,
البارحة,last night,,,
لاحقاً,later on,,,
خُزامَى,lavender,,,
محامٍ,lawyer,محاميون,lawyers,
الكسل,laziness,,,
كسول,lazy,,,
رصاص,lead,,,
الريادة,leadership,,,
القيادة,leadership,,,
تسريبات,leaks,,,
عجيف,lean,,,امراءة عجفاء ضامرة
لبنان,Lebanon,,,masculine
علقة,leech,,,
رِجل,leg,أرجُل,legs,
ساق,leg,سيقان,legs,
إرث,legacy,,,تكريم * زعيم أمريكي
تركة,legacy,تركات,legacies,
إباحة,legalization,,,
مُشرّع,legislator,,,
طول,length,,,
هوادة,leniency,,,لا هوادة مع القتلة
عَدَسة,lens,عدسات,lenses,
الأسد,Leo,,,
جُذّام,leprosy,,,
دعونا,let's,,,
فتاك,lethal,,,
مميت,lethal,,,
سُبات,lethargy,,,
وَهن,lethargy,,,
مسطح,level,,,
داعر,lewd,دُعار,lewd people,
الميزان,Libra,,,
سُوس,licorice,,,
ملازم,lieutenant,,,
فريق,lieutenant general,,,
حياة,life,حيوات,lives,
فاتح,light,,,
قدّاحة,lighter,,,
فنار,lighthouse,,,
برق,lightning,بروق,lightning bolts,
هامد,limp,,,
رابط,link,روابط,links,
سبع,lion,سِباع,lions,
شفة,lip,شِفاه,lips,
سائل,liquid,,,
العرقسوس,Liquorice,,,
مُصغٍ,listening,,,إني *.
إفشين,litany,,,
بالحرف,literally,,,
التقاضى,litigation,,,البلاغ قيد مرحلة *.
ضئيل,little,,,
كَبد,liver,كبود,livers,
ماشية,livestock,,,
سِحلية,lizard,سحالٍ,lizards,
قرض,loan,قروض,loans,
بغيض,loathsome,,,
كركند,lobster,,,
جرّاد,locusts,,,
شموخ,loftiness,,,
شوق,longing,,,
ثغرة,loophole,ثغرات,loopholes,
واسع,loose,,,
نهب,"looting, robbery",,,
رب,lord,أرباب,lords,
يانصيب,lottery,,,
لوتس,lotus,,,
بصَخَب,loudly,,,أغلق الباب بصخب
قملة,louse,قَمل,lice,
محبّ,loving,,,
حضيض,lowland,,,
موالون,loyalists,,,
ولاء,loyalty,,,
تشحيم,lubrication,,,العمل تشحيم ضروري للعقل والقلب والمفاصل
اليُمن,luck,,,عسى أن يصحب سفرك البركة وال*
غداء,lunch,,,
رئة,lung,رئات,lungs,
شهوة,lust,,,
ترف,luxury,,,حياة ترف ورخاءإن الحرية ليست ترفا
رشاش,machine gun,رشاشات,machine guns,
مجلّة,magazine,,,
عَقعَق,magpie,,,
محور,main point,محاور,main points,
تخصّص,major,,,
رائد,major,,,
ماكياج,makeup,,,
ذكر,male,ذكور,males,
الإدارة,management,,,
المنامة,Manama,,,
انتداب,mandate,,,
إلزامي,mandatory,,,
تجليات,manifestations,,,لعل من أبرز (تجلياته)
التحايل,manipulation,,,في الانتخابات
التلاعب,manipulation,,,في الانتخابات
مخطوطات,manuscripts,,,
آذار,March,,,
مسيرات,marches,,,
حِجر,mare,حُجورة، حُجور، أحجار,mares,
ماروني,Maronite,الموارنة,the Maronies,
عنابي,maroon,,,قطر المنتخب ال*
النكاح,marriage,,,
زواج,marriage,,,
المريخ,Mars,,,
أهوار,marshlands,,,
خارق,marvellous,,,
خلّاب,marvelous,,,
قناع,mask,أقنعة,masks,
مجزرة,massacre,,,
مذبحة,massacre,,,
تدليك,massage,,,
بُرش,mat,,,
ثقاب,matches,,,
مادة,material,مواد,materials,
مسألة,math problem,مسائل,math problems,
مرتبة,mattress,مراتب,mattresses,
ضريح,mausoleum,أضرحة,mausoleums,
أضرحة,mausoleums,,,
أيار,May,,,
عمدة,mayor,عُمَد,mayors,
مرج,meadow,مروج,meadows,
دَناية,meanness,,,
حَصبة,measles,,,
إجراء,measure,إجراءات,measures,
آلية,mechanism,,,
ميدالية,medal,,,
وساطة,mediation,,,
وسيط,mediator,وسطاء,mediators,
إسعاف,medical assistance,,,
فَحَص,medical examination,فحوص,medical examinations,
دواء,medication,أدوية,medications,
الطبّ,medicine,,,
عقّار,medicine,عقاقير,medicines,
لحن,melody,ألحان,melodies,
مذكرة,memorandum,,,
تحفيض,memorizing,,,القرآن
منقرع,Menkaure,,,
الخيض,menstruation,,,
الطمث,menstruation,,,
مرتزق,mercenary,مرتزقة,mercenaries,
الزئبق,mercury,,,الآثار الجانبية للصابون والكريمات المحتوية على الزئبق غير العضوي
عطارد,mercury,,,
هرجلة,mess,,,
الأيض,metabolism,,,اضافته إلى الطعام تساعد في تسريع عملية الايض
مَعدِن,metal,معادن,metals,
مجاز,metaphor,,,
نَيزك,meteor,,,
الوزن,meter,,,
نهج,method,,,التخدام نهجا جديدا ل
جرثوم,microbe,جراثيم,bacteria,
كهل,middle-aged,كهول,middle-aged people,
داية,midwife,,,
الهجرة,migration,,,
محراب,mihrab,محاريب,mihrabs,
مهاجم,militant,مهاجمون,militants,
طاحونة,mill,طواحين,mills,
طحّان,miller,,,
مليونير,millionaire,مليونيرات,millionaires,
مأذنة,minaret,مآذن,minarets,
ناقص,minus,,,
سَراب,mirage,,,كان (السراب) أحيانا يخدعنا
مرآة,mirror,مرايا,mirrors,
الإسقاط,miscarriage,,,
متفرِّق,miscellaneous,,,
متنوع,miscellaneous,,,
شقاوة,mischief,,,
جُنحة,misdemeanor,جُنَح,misdemeanors,
تعيس,miserable,تعساء,miserable people,
تحريف,mispronunciation,,,
مأمورية,mission,,,
مهمة,mission,مهام,missions,
شبورة,mist,,,
سوس,mites,,,
خندق,moat,,,
تعبئة,mobilization,,,الجماهير
حشد,mobilization,,,الإرادة السياسية العالمية
طراز,model,طرازات,models,
معتدل,moderate,,,
الاعتدال,moderation,,,الاعتدال سيد الأخلاق
حديث,modern,حدثاء,modern people,
محتشم,modest,,,
خال,mole,خيلان,moles,
شامة,mole,,,
زَخَم,momentum,,,
عاهل,monarch,عواهل,monarchs,
الأديرة,monasteries,,,
تكية,monastery,,,
دير,monastery,أديار,monasteries,
الرهبنة,monasticism,,,
نِمس,mongoose,,,
راهب,monk,رُهبان,monks,
احتكار,monopoly,,,
استئثار,monopoly,,,
التوحيدية,monotheism,,,
مضجر,monotonous,,,خالية مضجرة لا تحتمل
الرتابة,monotony,,,
موسمية,monsoon,,,رياح موسميةأمطار موسمية
مزاج,"mood, temperament",,,
ممسحة,mop,مماسح,mops,
خُلق,moral principle,أخلاق,morals,
معنويات,"morale, spirit",,,
بالأحرى,more likely,,,أو *
ضُحى,morning,,,
هاون,mortar,هواوين,mortars,
رهن,mortgage,رهون,mortgages,
بعوضة,mosquito,بعوض,mosquitos,
الطُحلُب,moss,,,
حزاز,moss,,,
عُثة,moth,عثث,moths,
حماة,mother-in-law,حموات,mothers-in-law,
دافعية,motivation,,,تنويع الحوافز ورفع الدافعية
قالب,mould,قوالب,moulds,
ربوة,mound,,,ربوة من التراب
حِداد,mourning,,,
فأر,mouse,فئران,mice,
فأرة,mouse,,,
فم,mouth,أفواه,mouths,
طمي,mud,,,
طين,mud,أطيان,clays,
وحل,mud,,,جوهرة غارقة في ال*
محرم,Muharram,,,محرم
الضرب,multiplication,,,
مومياء,mummy,مومياوات,mummies,
سفّاح,murderer,,,
مسقط,Muscat,,,
عضلة,muscle,عضلات,muscles,
فُطر,mushroom,,,
الطَرَب,music,,,تواصل الرقص والطرب حتى  فجر اليوم التالي
شارب,mustache,شوارب,mustaches,
خردل,mustard,,,
متبادل,mutual,,,
تجاذُب,mutual attraction,,,
كَمامة,muzzle,,,
غامض,mysterious,,,
لُغز,mystery,,,
خُرافي,mythical,,,
مسمار,nail,مسامير,nails,
ساذج,naive,سذّاج,naive people,
مكيفات,narcotics,,,
ناشئ,nascent,,,
منتخب,national team,,,
قومية,nationalism,,,
طبيعي,natural,,,
السجية,natural disposition,,,حين يكون على (سجيته)
الطبيعة,nature,,,
غَثَيان,nausea,,,
سُرّة,navel,سُرَر,navels,
الإبحار,navigation,,,
كحلي,navy blue,,,
حسير,near-sighted,,,
وجوب,necessity,وجوبات,necessities,
رَقَبة,neck,رِقاب,necks,
قفا,neck,أقفية,necks,
عِقد,necklace,عقود,necklaces,
رحيق,nectar,,,
إبرة,needle,إبر,needles,
الإهمال,negligence,,,
التقاعس,negligence,,,
جار,neighbor,جيران,neighbors,
متاخم,neighborhing,,,منطقة الحرش ال* للحدود الإدارية لبورسعيد
حيّ,neighborhood,أحياء,neighborhoods,
متاخم,neighboring,,,الشريط المتاخم للبحر الأحمر
المحسوبية,nepotism,,,
نبتون,neptune,,,
عَصَب,nerve,,,
محايد,neutral,,,
التجرد,neutrality,,,
بلبل,nightingale,بلابل,nightingales,
عندليب,nightingale,عنادل,nightingales,
حَلَمة,nipple,حلمات,nipples,
نجابة,nobility,,,
نَجَب,noble,,,
أزيز,noise,,,الطائرات
نأمة,noise,,,لا نأمة، لا رائحة لحياة
ترشيح,nomination,ترشيحات,nominations,
الظهيرة,noon,,,
خية,noose,,,
أنف,nose,أنوف,noses,
رُعاف,nosebleed,,,
حنين,nostalgia,,,
مِنخار,nostril,مناخير,nostrils,
ملحوظة:,Note:,,,
دفتر,notebook,دفاتر,notebooks,
ملحوظ,noticeable,,,
إخطار,notification,,,
التبليغ,notification,تباليغ,notifications,تباليغ الوفاة.
راهبة,nun,راهبات,nuns,
ممرض,nurse,,,
التمريض,nursing,,,
الغذاء,nutrition,,,
مكسّرات,nuts,,,
بَلّوط,oak,,,
سِنديان,oak,,,
واحة,oasis,واحات,oases,
الرضوخ,obedience,,,يجبره على الموافقع و*
مسلة,obelisk,,,
الوَفِيات,obituaries,,,
ذميم,objectionable,,,
مراقب,observer,,,
عائق,obstacle,معوقات,obstacles,
التعنت,obstinacy,,,بسبب (تعنت) الوزارة
أخطبوط,octopus,,,
تسلل,off-side,,,
مسئ,"offensive, insulting",,,
مهين,"offensive, insulting",,,
قربان,offering,قرابين,offerings,إلى الآلهة
ذُرية,offspring,,,
نسل,offspring,,,
مرهم,ointment,مراهم,ointments,
الشيخوخة,old age,,,
شيوخة,old age,,,
إغفال,omission,,,
جبروت,omnipotence,,,
بالمقابل,on the other hand,,,
مجددا,once again,,,
منفتح,open-minded,,,
عملية,operation,,,
أفيون,opium,,,
غريم,opponent,,,سُحبت منه الميدالية الذهبية ومُنحت إلى *ـه
المناوئون,opponents,,,
الظُلم,oppression,,,
بطش,oppression,,,
تفاؤل,optimism,,,
متفائل,optimistic,,,
البصريات,optometry,,,
وإلا,or else,,,استمع إلي كلامي وإلا ستضر نفسك
وهران,Oran,,,
عادي,ordinary,,,
عضو,organ,أعضاء,organs,
عربدة,orgy,,,
يتيم,orphan,أيتام، يتامى,orphans,
تهجئة,orthography,,,
نعامة,ostrich,نعام,ostriches,
قُضاعة,otter,,,
عود,oud,أعواد,ouds,
علناً,out in the open,,,
لاهث,out of breath,,,يقف لاهثا غارقا في العرق
قديم,out-dated,,,
تفشّ,"outbreak, spread",,,
حصيلة,outcome,,,
ضجّة,outcry,,,
المخرجات,outputs,,,
التعهيد,outsourcing,,,
فرن,oven,أفران,ovens,
مكفهرّ,overcast,,,ليلة داكنة (مكفهرة)
التكدس,overcrowding,,,لمنع * أمام مراكز الاقتراع
الإباضة,ovulation,,,
بومة,owl,بوم,owls,
التملك,owning land,,,
محار,oyster,,,
وتيرة,pace,وتائر,rates,
سكّاتة,pacifier,,,
وثني,pagan,وثنيون,pagans,
الوثنية,paganism,,,
الوثنية,Paganism,,,
ألم,pain,آلام,pains,
وَجَع,pain,أوجاع,pains,
دهان,paint,دهانات,paints,
طلاء,paint,,,
حَنَك,palate,,,
باهت,pale,,,رأاها على ضوء النجوم الباهت
شاحب,pale,,,
شحوب,pallor,,,انداح فوق خدودهم * القلق.
كف,palm,كفوف,palms,
سعفة,palm frond,,,السعفة الذهبية من مهرجان كان السينمائى
منشورات,pamphlets,,,
ذعر,panic,,,
كرار,pantry,,,
سروال,pants,,,
استعراض,parade,,,
فِقرة,paragraph,,,
شلل,paralysis,,,
مشلول,paralyzed,,,
ثوابت,parameters,,,
طُفيلي,parasite,طفيليات,parasites,
الأبوان,parents,,,
رَعية,parish,,,
محمية,park,,,
ببغاء,parrot,ببغاوات,parrots,
جزئيا,partially,,,
فئوي,partisan,,,
رفيق,partner,,,
تمريرة,pass,,,
شَغَف,passion,,,
غَرام,passion,,,
مهزلة,paste,,,
مرعى,pasture,مراعي,pastures,
التريّث,patience,,,يحثهم على *.
صبور,patient,,,
مريض,patient,مرضى,patients,
الوطنية,patriotism,,,
مشجّر,patterned,,,
جندي,pawn,,,
مسالم,peaceful,,,التغير المسالم
الدراق,peaches,,,
طاووس,peacock,طواويس,peacocks,
كُمّثرى,pear,,,
صَدَف,pearl,,,
إجاص,pears,,,
بازلاء,peas,,,
قشرة,peel,,,
خَوض,pelvis,,,
قلم,pen,قلمان,pens,
معاش,pension,,,
نسمة,people,,,حوالى نصف مليون نسمة
أمثاله,people like him,,,
النقر,percussion,,,
عرض,performance,عروض,performances,
ترخيص,permit,تراخيص,permits,
الاضطهاد,persecution,,,
الثبات,perserverence,,,
انحراف,perversion,,,منحرف جنسية
منحرف,pervert,,,
تشاؤم,pessimism,,,
متشائم,pessimistic,,,
عريضة,petition,عرائض,petitions,
بُلعوم,pharynx,,,
طور,phase,أطوار,phases,(طور) جدود من (أطوار) المأساة التي تطحنهم.
مرحلة,phase,مراحل,phases,
بَلغَم,phlegm,,,
تخوف,phobia,,,
صوتم,phoneme,صواتم,phonemes,
مِعول,pickaxe,معاول,pickaxes,منحني على (المعاول)
نشال,pickpocket,,,
النشل,pickpocketing,,,
قِطعة,piece,قِطَع,pieces,
تقوى,piety,,,
خنزير,pig,خنازير,pigs,
معتمر,pilgrim,,,
مخدّة,pillow,مَخادّ,pillows,
بثرة,pimple,بثور,pimples,
دبوس,pin,,,
الصنبور,pine,,,
أناناس,pineapple,,,
زهري,pink,,,
خِنصِر,pinky finger,خناصر,pinky fingers,
ماسورة,pipe,مواسير,pipes,
قرصنة,piracy,,,
الحوت,Pisces,,,
فُستُق,pistachio,,,
هزيل,pitiful,,,
الشفقة,pity,,,
انتحال,plagiarism,,,
سهل,plain,سهول,plains,
التخطيط,planning,,,
فصيل,platoon,,,
توسُّل,plea,,,
أنيس,pleasant,أنَساء,pleasant people,
رجاءً,please,,,
لَذة,pleasure,,,
مُتعة,pleasure,,,
تعهُّد,pledge,,,
زَرَدية,pliers,,,
حبكة,plot,,,صنع * درامية
سبّاك,plumber,,,
التعددية,pluralism,,,
زائد,plus,,,
جَيب,pocket,جيوب,pockets,
منصّة,podium,,,
شاعر,poet,شعراء,poets,
نقطة,point,نقاط,points,
سُم,poison,سموم,poisons,
استقطاب,polarization,,,الاستقطاب السياسي الحاد
مصقول,polished,,,
بوقار,politely,,,يصغي الآخرون بوقار وخشوع
استطلاع,poll,استطلاعات,polls,
بِركة,pond,برك,ponds,
بوشار,popcorn,,,
خشخاش,poppy,,,
سكان,population,,,
نِيص,porcupine,,,
مسام,pore,,,
ميناء,port,موانئ,ports,
كوة,port hole,,,في زنزانة
تجسيد,portrayal,,,
منصب,position,مناصب,positions,
موقف,position,مواقف,positions,
مُلصَق,poster,,,
إناء,pot,أواني,pots,
قِدرة,pot,قدور,pots,
بطاطا,potato,بطاطس,potatoes,
فخّار,pottery,,,
دواجن,poultry,,,
طيور,poultry,,,
بودرة,powder,,,
عملي,practical,,,
الثناء,praise,,,
مديح,praise,,,
دعاء,prayer,أدعية,prayers,""" حسبي الله ونعم الوكيل "" من أعظم الأدعية الواردة في الكتاب والسنة الصحيحة"
ابتهاك,prayer (Christianity),,,
أنبغ,pre-eminent,,,(أنبغ) تلميذ في فصلنا
كارز,preacher,,,
واعظ,preacher,وُعّاظ,preachers,
ديباجة,preamble,,,ديباجة الدستور
نفيس,precious,,,
مأزق,predicament,مآزق,predicaments,
ورطة,predicament,,,سوف تقع في ورطة
تمهيد,preface,,,
اللقط,pregnancy,,,
التحامل,prejudice,,,
التحيّز,prejudice,,,
المساس,prejudice,,,عدم المساس بمحدودي الدخل
امتيازات,prerogatives,,,
وصفة,prescription,وصفات,prescriptions,
التظاهر,pretending,,,
الاستعلاء,pretentiousness,,,
حجّة,pretext,حجج,pretexts,
سائد,prevailing,,,
الوقاية,prevention,,,من مرض
الغرور,pride,,,
الفخر,pride,,,
قسيس,priest,قَساوسة,priests,
كاهن,priest,كَهَنة,priests,
كهنوت,priesthood,,,
رئيسية,primate,رئيسيات,primates,
بدائي,primitive,,,
أمير,prince,أمراء,princes,
فرضية,principle,,,
مبدأ,principle,مبادئ,principles,
طباعة,printer,,,
زنزانة,prison cell,زنزانات,prison cells,
أسير,prisoner,أَسرى,prisoners,
سجين,prisoner,سجناء,prisoners,
امتياز,privilege,,,
ترجيح,probability,,,
مسبار,probe,,,روزيتا (Rosetta) مسبار فضائي أطلقته وكالة الفضاء الأوروبية
إجرائي,procedural,,,اقتراح أجرائي
عملية,process,,,
أنشطة,processes,,,
عمليات,processes,,,
زَفة,procession,,,
موكب,procession,,,لم يتوقف * النعوش ساعة واحدة.
معالج,processor,,,
ثَمَر,produce,ثمار,produce,
منتج,producer,,,
الانتاجية,productivity,,,ضعف الالتزام بالانتاجية يزعجني
منتجات,products,,,
حرفة,profession,حِرَف,professions,
محترف,professional,,,
كفاءة,proficiency,,,
ربح,profit,أرباح,profits,
التربح,profiteering,,,
مبرمج,programmer,,,
ترقية,promotion,,,ترقية السيسي إلى رتبة مشير
ترويج,promotion,,,
برهان,proof,براهين,proof,
دعاية,propaganda,,,
نُبوة,prophecy,,,
الموالون,proponents,,,
مبادرة,proposal,,,
النثر,prose,,,
الرفاهية,prosperity,,,
الرُقي,prosperity,,,
رخاء,prosperity,,,
عاهرة,prostitute,,,
فاجرة,prostitute,,,
قحبة,prostitute,قحاب,prostitutes,
مومس,prostitute,,,
الدَعارة,prostitution,,,
دعوى,prosyletization,,,
زُلاليات,proteins,,,
بروتستانتي,Protestant,البروتستانت,Protestants,
محتجون,protestors,,,
محاذاة,proximity,,,
مَزمور,psalm,مزامير,psalms,
البطالمة,Ptolemies,,,
منبر,pulpit,منابر,pulpits,
ذبذبة,pulse,,,
طُلُمبة,pump,,,
مِضخّة,pump,,,
قرعة,pumpkin,,,
الترقيم,punctuation,,,
حريف,pungent,,,طعامه مالح * لاسع
العقاب,punishment,,,
عقوبة,punishment,عقوبات,punishments,
قصاص,punishment,,,
بؤبؤ,pupil,,,
حَدَقة,pupil,حدقات,pupils,
جرو,puppy,جراء,puppies,
مَطهَر,purgatory,,,
نقاوة,purity,,,
أرجواني,purple,,,
صديد,pus,,,
سُمّان,quails,,,
مؤهلات,qualifications,,,
كيفي,qualitative,,,
كمي,quantitative,,,
استبيان,questionnaire,,,
حاخام,rabbi,,,
أرنب,rabbit,أرانب,rabbits,
سباق,race,,,
مسابقة,race,,,
جواد,race horse,جيدان,race horses,
العنصرية,racism,,,
العِرقية,racism,,,
الإشعاع,radiation,,,
فُجل,radish,فجول,radishes,
خِرقة,rag,خِرَق,rags,خِرقةٌ تلفّ نفسك بها
مداهمة,raid,,,
علاوة,raise,,,
زبيب,raisin,,,
رجب,Rajab,,,
كبش,ram,أكباش,rams,
رمضان,Ramadan,,,
الشحناء,rancor,,,يحافظ على مقدار عالٍ من الشّحْناء
رتبة,rank,رتب,ranks,
فدية,ransome,,,
جُرَذ,rat,جرذان,rats,
معدل,rate,معدلات,rates,
جراية,ration,,,
عقلنة,rationalization,,,
حَشرَجَة,rattling,,,
واقعي,realistic,,,
الواقع,reality,,,
موجب,reason,,,
عاقل,reasonable,عقلاء,reasonable people,
متمرد,rebel,,,
تمرد,rebellion,,,
مؤخّراً,recently,,,
ركود,recession,,,
وصفة,recipe,,,
تلاوة,reciting,,,تلاوة أيات من القرآن
أهوج,reckless,,,يعيش طور مغامرة (هوجاء).
متهوّر,reckless,,,
الاستهتار,recklessness,,,
طيش,recklessness,,,
إنعاش,recovery,,,
مستطيل,rectangle,مستطيلات,rectangles,
المستقيم,rectum,,,
استعادة,recuperation,,,
شفيع,redeemer,,,الله خالقنا و*نا.
الفداء,redemption,,,
تقليص,reducing,,,يريد * دوره
شعبة,reef,شعاب,reefs,شعاب مرجانية
حَكَم,referee,حكّام,referees,
استفتاء,referendum,استفتاءات,referendums,
إصلاح,reform,إصلاحات,reforms,
إباء,refusal,,,
بشأن,regarding,,,
فوج,regiment,أفواج,regiments,
إقليم,region,أقاليم,regions,
صُقع,region,أصقاع,regions,يتشرد في (أصقاع) الأرض
سِجِلّ,registry,,,
الندامة,regret,,,
بانتظام,regularly,,,يحضر صلاة الجمعة في المسجد *
بتواتر,regularly,,,نسمع بتواتر أصوات القذائف
لائحة,regulation,لوائح,regulations,
تأهيل,rehabilitation,,,
بروفة,rehearsal,,,بدون بروفة
لجام,reins,,,شد ال* فتوقف العربة.
انتكاس,relapse,,,
قريب,relative,أقرباء,relatives,
استرح!,Relax!,,,
الاسترخاء,relaxation,,,
الغَوث,relief,,,
التلكؤ,reluctance,,,* عند الوصول
كرها,reluctantly,,,
بقية,remainder,بقايا,remains,
رفات,remains,,,الموتى
هدأة,remission,,,
تعويضات,reparations,,,
مراراً,repeatedly,,,
التوبة,repentence,,,
تكرار,repetition,,,
نائب,representative,نواب,representatives,
القمع,repression,,,
التكاثر,reproduction,,,
زاحف,reptile,زواحف,reptiles,
ممجوج,repugnant,,,
سَمِج,repulsive,,,
سُمعة,reputation,,,
متطلّبات,requirements,,,
تحفظ,reservation,تحفظات,reservations,
مقاومة,resistance,,,
مورد,resource,موارد,resources,
تحية,respects,,,
ترميم,restoration,,,
استئناف,resuming,,,
إنعاش,resuscitation,,,
الاعتزال,retirement,,,
الوحي,revelation,,,
الانتقام,revenge,,,
الثأر,revenge,,,
إيراد,revenue,إيرادات,revenues,
مراجعات,reviews,,,
إحياء,revival,,,
صحوة,revival,,,* النساء
كركدَنّ,rhinoceros,,,
القافية,rhyme,,,
ضلع,rib,ضلوع,ribs,
أرز,rice,,,
أحجية,riddle,,,
حظورة,riddle,,,
لُغز,riddle,,,
سخيف,ridiculous,سخفاء,ridiculous people,
بندقية,rifle,بنادق,rifles,بندقية قناصة
صدع,rift,صدوع,rifts,
إثر,right after,,,
خاتم,ring,خواتم,rings,
بِنصر,ring finger,بناصر,ring fingers,
غلاء,rise in prices,,,
تناحُر,rivalry,,,
نهر,river,أنهار,rivers,
الرياض,Riyadh,,,
محمّر,roasted,,,
رداء,robe,,,تلبس (رداء) قصيرا بمقاييس ذلك الوقت
صخرة,rock,صخور,rocks,
صاروخ,rocket,صواريخ,rockets,
قارض,rodent,قوارض,rodents,
شوبك,rolling pin,شوابك,rolling pins,
رومانسي,romance,,,
قلعة,rook,,,
حجرة,room,حجرات,rooms,
ديك,rooster,ديوك,roosters,
مسبحة,rosary,مسابح,rosaries,
وردة,rose,ورود,roses,
دوران,rotation,,,الشمس
متعفّن,rotton,,,لحمجثث
التجديف,rowing,,,
ياقوت,ruby,,,
بفظاظة,rudely,,,صاخ *،
الهَلاك,ruin,,,
أطلال,ruins,,,
حُطام,ruins,,,
مسطرة,ruler,مساطر,rulers,
مجترّ,ruminant,,,
إشاعة,rumor,,,
عدّاء,runner,,,العداء الكندي
زكيبة,sack,زكائب,sacks,زكائب من العيش المقدد
سَرج,saddle,,,
الأتراح,sadness,,,في الأفراح والأتراح
صفر,Safar,,,
الأمان,safety,,,
السلامة,safety,,,
القوس,Sagittarius,,,
الشراع,sailing,,,
قِدّيس,saint,قديسون,saints,
راتب,salary,رواتب,salaries,
مرتب,salary,,,
مُلُوحَة,salinity,,,
ريق,saliva,أرياق,saliva (pl),
لُعاب,saliva,,,
مِلح,salt,,,
عينات,samples,,,* السموم.جمع ال* من مسرح الوفاء.
صنعاء,Sana'a,,,
جزاءات,sanctions,,,
عقوبات,sanctions,,,
هيكل,sanctuary,هياكل,sanctuaries,
زحل,saturn,,,
مخلِّص,savior,,,
منشار,saw,مناشير,saws,
جَرَب,scabies,,,
فضيحة,scandal,فضائح,scandals,
نَدبة,scar,أنداب,scars,
جعران,scarab,,,
شُح,scarcity,,,شح مصادر المياه
مرتعب,scared,,,
وشاح,scarf,أوشحة,scarves,
قرمزي,scarlet,,,
مبعثَر,scattered,,,
صولجان,sceptre,,,
بيلهارسيا,Schistosomiasis,,,German physician Theodor Bilharz
انفصام,schizophrenia,,,
منحة,scholarship,منح,scholarships,
التمدرُس,schooling,,,
مقصّ,scissors,مقاصّ,multiple pairs of scissors,
كبشة,scoop,,,
حيز,"scope, realm",أحياز,"scopes, realms",
عقربة,scorpion,عقارب,scorpions,
العقرب,Scorpius,,,
خَدش,scratch,خدوش,scratches,
صَرَخة,scream,صَرَخات,screams,
زعيق,screaming,,,
لَقطة,screenshot,,,
برغي,screw,براغي,screws,
مِفكّ,screwdriver,مفكّات,screwdrivers,
سيناريو,script,,,
وازع,scruple,,,
منجل,scythe,مناجل,scythes,
بحر,sea,بحار,seas,
نَورس,sea gulls,نوارس,sea gulls,
طائفة,sect,طوائف,sects,
شريحة,section,شرائح,sections,
عِلماني,secular,,,
العلمانية,secularism,,,
رواسب,sediment,,,
بِذرة,seed,بذور,seeds,
شتلة,seedling,شتول,seedlings,
غَرس,seedling,أغراس,seedlings,
غيري,selfless,,,
خَرَف,senility,,,
حاسّة,sense,حَواسّ,senses,
العقلانية,sensibility,,,
حسّاس,sensitive,,,
مستشعر,sensor,مستشعرات,sensors,نوع جديد من (مستشعر) الكاميرات المخصصة للأجهزة المحمولة
الشهوانية,sensuality,,,
حُكم,sentence,أحكام,sentences,
أيلول,September,,,
رقيب,sergeant,,,
سِلسِلة,series,سلاسل,multiple series,
وعظة,sermon,,,
خادم,servant,خَدَم,servants,
مزوِّد,server,,,
جلسة,session,جلسات,sessions,
دورة,session,دورات,sessions,
انتكاسة,setback,,,
استيطانية,settlement,,,
مستوطنة,settlement,,,
مجاري,sewage,,,
شعبان,Shaban,,,
سهم,"share, stock",أسهم,"shares, stocks",
مساهم,shareholder,مساهمون,shareholders,
شوال,Shawwal,,,
حَمَل,sheep,,,
شاء,sheep,,,
غنم,sheep,أغنام,sheep (pl),
رفّ,shelf,رفوف,shelves,
قذيفة,shell,قذائف,shells,
قوقعة,shell,قواقع,shells,
إيواء,shelter,,,
ملجأ,shelter,ملاجئ,shelters,
درع,shield,دروع,shields,
شيعي,shiite,شيعة,shiites,
قَصَبة,shin,,,
سفينة,ship,سفن,ships,
رَعشة,shiver,,,
ارتياع,shock,,,نمنم بـ*.
صدمة,shock,صدمات,shocks,
مذهول,shocked,,,
الرماية,shootingarchery,,,
دكّان,shop,دكاكين,shops,
قصير,short,قُصار,short people,
تسديدة,shot,,,
حقنة,shotinjection,حُقَن,shots,
عاتق,shoulder,عواتق,shoulders,
كتف,shoulder,أكتاف,shoulders,
فرّامة,shredder,,,
فَطِن,shrewd,,,إن الزوج الفطن هو الذي يشغل زوجته في البيت
روبيان,shrimp,,,
مزار,shrine,مزارات,shrines,
رجفة,shudder,,,
متوقف,shut down,,,مفاعل نووي
خجول,shy,,,
طرف,side,أطراف,sides,
ضلع,"side, involvement",ضلوع,sides,
تنهيدة,sigh,تناهيد,sighs,
زفير,sigh,,,صوت زفيري بالنفس
الأبصار,sight,,,
يافطة,sign,يافطات,signs,
مدلول,significance,,,هل له أي (مدلول)؟
السيخية,Sikhism,,,
حرير,silk,حرائر,silks,
فضّة,silver,,,
تشبيه,similie,,,
المحاكاة,simulation,,,
ذنب,sin,ذنوب,sins,
فِسق,sin,,,بؤرة *
مغسلة,sink,مغاسل,sinks,
أخت,sister,أخَوات,sisters,
اعتصامات,sit-ins,,,
حجم,size,أحجام,sizes,
مقاس,size,مقاسات,sizes,
مزلّج,skiier,,,
التزلّج,skiing,,,
البراعة,skill,,,
جلد,skin,جلود,skins,
مناوشات,skirmishes,,,
تنّورة,skirt,تنّورات,skirts,
جمجمة,skull,جماجم,skulls,
ضُربان,skunk,,,
سمائي,sky blue,,,
واشٍ,slanderer,وشاة,slanderers,
صفعة,slap,صفعات,slaps,صفع زوجه صفعة كادت تفقدها الحياة
سلخانة,slaughterhouse,,,
الاسترقاق,slavery,,,
العبودية,slavery,,,
روبصة,sleepwalking,,,
كمّ,sleeve,أكمام,sleeves,
شريحة,slice,شرائح,slices,
خُفّ,slipper,خفاف / أخفاف,slippers,
شعار,slogan,شعارات,slogans,
تؤدة,slowness,,,
الرقاد,slumber,,,تستسلم للرقاد.
عشوائيات,slums,,,
مكّار,sly,,,
قارب,small boat,قوارب,small boats,
جُدري,smallpox,,,
الشمّ,smell,,,
التهريب,smuggling,,,
حلزون,snail,,,
أفعى,snake,أفاع,snakes,
ثعبان,snake,ثعابين,snakes,
عطسة,sneeze,,,
قناص,sniper,قناصة,snipers,
خرخرة,snoring,,,
الاشتراكية,socialism,,,
جورب,sock,جوارب,socks,
اللواط,sodomy,,,تأييد حبس المعارض الماليزي أنور إبراهيم بتهمة *
أريكة,sofa,أرائك,sofas,
برمجيات,software,,,
تُربة,soil,,,
السلوان,solace,,,لأسرته الصبر وال*
جُندي,soldier,جُنود,soldiers,
صُلب,solid,,,
التكافل,solidarity,,,في حملة (تكافل) اجتماعي
تضامُن,solidarity,,,
عزلة,solitude,,,
نجل,son,أنجال,sons,
سافل,son of a bitch,,,
صِهر,son-in-law,أصهار,sons-in-law,
عندلة,song of the nightingale,,,
السُخام,soot,,,نكتب بالفحم على دفاتر الـ*.
ساحر,sorcerer,سحرة,sorcerers,
مشعوذ,sorcerer,,,
أسى,sorrow,,,
حساء,soup,,,
حامض,sour,,,
سيادة,sovereignty,,,
بستوني,spades,,,
رُمح,spear,رِماح,spears,
اختصاصي,specialist,اختصاصيون,specialists,
طَيف,spectrum,,,عبر ال* الإثني الديني
خطاب,speech,خطابات,speeches,
مطبّ,speed bump,مطبّات,speed bumps,
نُطفة,sperm,,,
تابل,spice,توابل,spices,
عنكبوت,spider,عناكب,spiders,
سبانخ,spinach,,,
عانس,spinster,عوانس,spinsters,
طِحال,spleen,,,
رَونَق,splendor,,,رفع مستوي النظافة والجمال بمدينة الإسكندرية، وإعادة رونقها الجمالي
شظية,splinter,شظايا,splinters,
سفنج,sponge,,,
برعاية,sponsored by,,,
بالبداهة,spontaneously,,,
مِلعقة,spoon,ملاعق,spoons,
عقيلة,spouse,,,
رذاذ,sprinkle,,,
يَقطين,sqash,,,
مربّعة,square,مربّعات,squares,
قرفصاء,squatting,,,
حبّار,squid,,,
استاد,stadium,,,
أيِّل,stag,أيائل,stags,
مرحلة,stage,مراحل,stages,
الجمود,stalemate,,,
معيار,standard,معايير,standards,
مقطوعة,stanza,مقطوعات,stanzas,
التضوّر,starvation,,,
مجاعة,starvation,,,
بيان,statement,بيانات,statements,
تصريح,statement,تصريحات,statements,
إحصائيات,statistics,,,
تمثال,statue,,,
بخار,steam,,,
باخرة,steamer,بواخر,steamers,
صلب,steel,,,
فُلاذ,steel,,,
خَطوة,step,خطوات,steps,
العُقم,sterility,,,
التعقيم,sterilization,,,
سمّاعة,stethoscope,,,
تحفيز,stimulus,,,اتخد البنك المزيد من اجراءات التحفيز
قرصة,stingbite,قرصات,stingsbites,ناموسحشرات
رعّاد,stingray,,,
شحيح,stingy,,,
إعانة,stipend,,,* تعليمية
غُرزة,stitch,غُرَز,stitches,
مخزنة,stockpile,مخازن,stockpiles,
مَعِدة,stomach,مِعَد,stomachs,
حجر,stone,حجارة,stones,
التخزين,storage,,,منطقة *.
لَقلَق,stork,لقالق,storks,
عاصفة,storm,عواصف,storms,
موقد,stove,مواقد,stoves,
مصفاة,strainer,مصافٍ,strainers,
غريب,stranger,غرباء,strangers,
شفّاطة,straw,,,
الإجهاد,stress,,,كيف تتعامل مع الإجهاد
مقلّم,striped,,,
عنيد,stubborn,عُنُد,stubborn people,
تعنُت,stubbornness,,,
محشي,stuffed,,,
حشوة,stuffing,,,
جِذع,stump,جذوع,stumps,
البلادة,stupidity,,,تلك هي * بعينها
بلاهة,stupidity,,,فالت ببلاهة،
غباوة,stupidity,,,
مادة,subject,مواد,subjects,
اعتباري,subjective,,,
ذاتي,subjective,,,
رعايا,subjects,,,
فحوى,substance,,,
جوهري,substantial,,,
موضوعي,substantive,,,اقتراح موضوعي )غير إجرائي(
الطرح,subtraction,,,
ضاحية,suburb,الضواحي,the suburbs,
بالتناوب,successively,,,
مفاجئ,sudden,,,
مُعان,suffering,,,(معان) سامية
انتحاري,suicide bomber,,,
بدلة,suit,بِدَل,suits,
ملخّص,summary,,,
قمّة,summit,قمّات,summits,
سُنّي,sunni,سُنة,sunnis,
غراء,superglue,,,
أعلى,superior,,,نحن الأعلى وأنتم الأدنى
تشاؤُم,superstition,,,
توريد,supply,,,
تحميلة,suppository,تحاميل,suppositories,
جراح,surgeon,,,
جراحة,surgery,,,
فائض,surplus,,,
وفورات,surpluses,,,
مستغرِب,surprised,,,
خلسةً,surreptitiously,,,
اشتباه,suspicion,,,
ريبة,suspicion,,,باتت تنظر إلى الولايات المتحدة بكثير من الريبة
سُنونو,swallow,,,
مستنقَع,swamp,مستنقعات,swamps,
بجعة,swan,بجع,swans,
انتفاخ,swelling,,,البطن
تورم,swelling,,,
السباحة,swimming,,,
نصّاب,swindler,,,
جُميز,sycamore,,,
ندوة,symposium,ندوات,symposiums,
عَرَض,symptom,أعراض,symptoms,
كنيس,synagogue,كنس,synagogues,
زُهَري,syphilis,,,
شراب,syrup,أشربة,syrups,
مائدة,table,,,
قُرص,tablet,أقراص,tablets,أقراص الفيتامينات
لَباقة,tact,,,تراجعت بـ* قائلة،
شرغوف,tadpole,,,
ذيل,tail,ذيول,tails,
ذَنَب,tailbone,,,
خيّاط,tailor,,,
موهبة,talent,مواهب,talents,
مباحثات,talks,,,
طويل,tall,طُوال,tall people,
دبابة,tank,,,
مهمة,task,مهام,tasks,
التذوق,taste,,,
وشم,tattoo,وشوم,tattoos,
الثور,Taurus,,,
ضريبة,tax,ضرائب,taxes,
دِرة,teat,دِرَر,teats,
صُدغ,temple,أصداغ,temples,
معبد,temple,معابد,temples,
الإغراء,temptation,,,
مغرٍ,tempting,,,
وَتَر,tendon,,,
خيمة,tent,خِيام,tents,
ولاية,term,,,
تضاريس,terrain,,,
مفزع,terrifying,,,
نسيج,textile,,,
الإغريق,the Ancient Greeks,,,
القعر,the bottom,,,ضعي البصل المقلي في القعر
البرودة,the cold,,,
الجالية,the community,,,- العربية- المصرية- اليهودية
الوجدان,the conscience,,,الموت يعصف بالوجدان
يافوخ,the crown of the head,يوافيخ,crowns of the head,
الأفتك,the deadliest,,,أعنى وأفتك أنواع الأسلحة
الشيطان,the devil,شياطين,devils,
الأخيار,the good guys,,,
الإنجيل,the Gospels,,,
الحرارة,the heat,,,
رمضاء,the hottest time of the day,,,
المأسوف,"the late, the deceased",,,
الجماهير,the masses,,,
المسيح,the messiah,,,
الأعنى,the most poweful,,,أعنى وأفتك أنواع الأسلحة
البحرية,the Navy,,,
النقب,the Negev,,,
الفراعنة,the Pharaohs,,,
المشيمة,the placenta,,,
المشركون,the polytheists,,,
البابا,the Pope,,,
المطبعة,the printing press,,,
الادّعاء,the prosecution,,,
الثمالة,the rest,,,شربنا ثمالة الأكواب بسرعة
السلفية,the Salafist movement,,,
السلفيون,the salafists,,,
الأدهى,the shrewdest,,,أدهى وزير
اللاشُعور,the subconscious,,,
الرافدان,the tigris and euphrates,,,
اللوزتان,the tonsils,,,
التوراة,the Torah,,,
المنبوذون,the untouchables,,,
الخَوَر,the weakness of age,,,
أرذل,the worst part,,,حتى لو بلغ (أرذل) العمر
مسرح,theater,مسارح,theaters,
سرقة,theft,,,
الإلهيات,theology,,,
سميك,thick,,,طبقةنظارةقماش
غليظ,thick,,,
فَخِذ,thigh,أفخاذ,thighs,
رقيق,thin,رقاق,thin people,
نحيف,thin,,,رجل * الجسم
نحيل,thin,,,رجل * الجسم
ظمآن,thirsty,,,
عطشان,thirsty,,,عِطاش
شوك,thorn,أشواك,thorns,
خيط,thread,خيوط,threads,
مهلهل,threadbare,,,ثوب قديم (مهلهل)
عتبة,threshold,,,الوصول إلى * الشهرة
مسرف,thrifty,,,
تشويق,thriller,,,
حلق,throat,حلوق,throats,
حنجرة,throat,حناجر,throats,
البلطجية,thugs,,,
شبيحة,thugs,,,
إبهام,thumb,أباهيم,thumbs,
رَعد,thunder,رعود,thunder claps,
تيّار,tide,تيارات,tides,
تعادل,tie,,,
نمر,tiger,نمور,tigers,
ضيّق,tight,,,
حياء,timidity,,,
الصفيح,tin,,,
إطار,tire,إطارات,tires,
مُتعَب,tired,,,
أنسجة,tissue,,,
أحجم,to abstain,,,لماذا شاركنا ولماذا أحجمنا
تعسّف,to abuse,,,
واكب,to accompany,,,
أبرأ,to acquit,,,
أردف,to add,,,لكنه (أردف) كأنه يعتذر إن مصطفى ...
عدّل,to adjust,,,
تفاقم,to aggrivate,,,
أدهش,to amaze,,,
ضايق,to annoy so,,,
تراءى,to appear,,,تراءى الجبل شاهقا
اعتقل,to arrest so,,,
اقتحم,"to assault, to storm",,,
هاجم,to attack,,,
بشّر,to be a missionary,,,
اندهش,to be amazed,,,
اختتن,to be circumcised,,,
احتضر,to be dying,,,
انعقد,to be held,,,
تسمم,to be poisoned,,,
صكّ,to beat,,,(صكت) الأم وجهها وتأوه الأب
استعار,to borrow,,,
استلف,to borrow money,,,
ترجرج,to bounce,,,سطح الكارو المترجرج
قاطع,to boycott,,,
اندلع,to break out,,,
تنفس,to breathe,,,
أحضر,to bring,,,
شيّد,to build,,,
تجشأ,to burp,,,
نبّه,to call attention to,,,
ناشد,to call for,,,
ألغى,to cancel,,,
زُكِمَ,to catch a cold,,,
وطّد,to cement,,,
طارد,to chase,,,
لاحق,to chase,,,
زقزق,"to chirp, to tweet",,,
قطّع,to chop,,,
تداول,to circulate,,,
مشّط,to comb,,,
أتبع,to comply with,,,
أدان,"to condemn, to convict",,,
أجرى,to conduct,,,
حيّر,to confuse,,,
شوّش,to confuse,,,
واصل,to continue,,,الكويت تواصل اعتقال عشرات الفلسطينيين منذ عام 1991
تنصر,to convert to Christianity,,,
أسلم,to convert to Islam,,,
تهود,to convert to Judaism,,,
صادم,to crash into,,,
واعد,to date,,,
زغلل,to dazzle,,,
انخفض,to decrease,,,
تبرز,to defecate,,,
استنكر,"to denounce, to condemn",,,
استأهل,to deserve,,,
صمّم,to design,,,
دبّر,to devise,,,
شخّص,to diagnose,,,
استبعد,to dismiss,,,
شتّت,to disperse,,,المحتشدين
فرّق,to disperse,,,المتظاهرين
شرّد,to displace,,,
ذوّب,to dissolve s.t.,,,
طلّق,to divorce,,,
تفادى,to dodge,,,تفاديت ركلة قوية
تخاذلَ,to droop,,,تجلى التخاذل في عيني درويش
تدنّى,to drop,,,
أحرج,to embarass,,,
أخجل,to embarrass so,,,
عانَقَ,to embrace,,,إنه يعانق الجنان.
نفّذ,"to enforce, to execute",,,
استساغ,to enjoy the taste of,,,
أمحى,to eradicate,,,
صعّد,to escalate,,,
أخلى,to evacuate,,,
تجاوز,to exceed,,,
أعدم,to execute so,,,
تمدّ,to extend,,,
أقلع,to extract,,,
تزحزح,to fade,,,ثم أخذت هذه الثقة تتزحزح شيئا فشيئا
لفّق,to falsify,,,
أبرز,to feature,,,بعض الصحف ردود الفعل
تشاجر,to fight,,,
أحال,to fire (s.o.),,,
غازل,to flirt,,,
أفزع,to frighten,,,
زبّد,to froth (milk),,,
تجهّم,to frown,,,
احتشد,"to gather, to rally",,,
اقترض,to get a loan,,,
تحسن,to get better,,,
استفحل,to get worse,,,
استفحل,to get worse,,,بها حدة تستفحل مع الأيام.
تربّى,to grow up,,,
ترعرع,to grow up,,,
نما,to grow up,,,
ضمّن,to guarantee,,,
راود,to haunt,,,
فطر,to have breakfast,يفُطر فطر,,
تعشى,to have dinner,,,
تغدى,to have lunch,,,
آزر,"to help, to back",,,
ساند,"to help, to back ",,,
توظف,to hire,,,
زمّر,to honk,,,
حلّق,to hover,,,
أشعل,to ignite,,,
تصوّر,to imagine,,,
طبّق,to implement,,,
دشّن,to inaugurate,,,
تضمّن,to include,,,
ورِث,to inherit,,,
آذى,to injure,,,
ألهم,to inspire,,,
أساء,"to insult, to offend",,,
أهان,"to insult, to offend",,,
اجتاح,to invade,,,المشكلة التي تجتاح كل شيء
برّر,to justify,,,
اختطف,to kidnap,,,
قبّل,to kiss,,,
تسرّب,to leak,,,
أعار,to lend,,,
سلّف,to lend money,,,
اضطجع,to lie down,,,
توانى,to linger,,,
تسكع,to loiter,,,
تربصَ,to lurk,,,كان لا بد من اختيار فتوة جديد للحارة قبل أن تدوسها أقدام الحارات المتربصة.
أوضح,to manifest,,,
سيّح,to melt s.t.,,,
صلّح,to mend,,,
قلّص,to minimize,,,
ضلّل,to mislead,,,
استهزأ,to mock,,,
أهمل,to neglect,,,
حمحم,to neigh,,,
هدراً,"to no avail, in vain",,,
عرقل,to obstruct,,,
أغفل,to omit,,,مع عدم إغفال للثقافات الأخرى
عارض,to oppose,,,
ناهض,to oppose,,,
ذلّل,to overcome,,,
دحر,to overpower,,,* العصابة الإرهابية
اجتاح,to overrun,,,
قشّر,to peel s.th.,,,
لوّث,to pollute,,,
أرجأ,to postpone,,,
بوّز,to pout,,,
أشاد,to praise,,,
امتدح,to praise,,,
ترأس,"to preside over, to head",,,
وفّر,to provide,,,
نقّى,to purify,,,
داهم,to raid,,,
عقلن,to rationalize,,,
استلم,to receive,,,
تسلّم,to receive,,,
تلقّى,to receive,,,
استجم,to recover,,,التقط أنفاسه واستجم
استوفى,to recover,,,
عوّل,to rely on,,,
أزال,to remove,,,
التمس,to request,,,
شابه,to resemble,,,
اعتزم,"to resolve, to intend",,,
استعد,to restore,,,
قيّد,to restrict,,,
تقاعد,to retire,,,
استعرض,to review,,,
تخمر,to rise,,,الخبز يتخمر
زمجر,to roar,,,
أقلع,to sail,,,
حفِظ,to save,,,
اقتصد,to save money,,,
أغرى,to seduce,,,
جبّر,to set a bone,,,
تصافح,to shake hands,,,تحترم وتتحدث وتصافح عدوك
أبرز,to show,,,
أظهر,to show,,,
ارتجف,to shudder,,,
تأوّه,to sigh,,,
تنهّد,to sigh,,,
وقّع,to sign,,,
غرغر,to simmer,,,
سكّن,to soothe,,,
تهجّى,to spell,,,
أشاع,to spread,,,
تربع,to squat,,,
عقّم,to sterilize,,,
سبّك,to stew (food),,,
حرّك,to stir,,,
التوى,to strain,,,
تأتأ,to stutter,,,عندما تخاطب نفسك هل تُتأتئ؟
لخّص,to summarize,,,
أيّد,to support,,,
حاصر,to surround,,,
تعرق,to sweat,,,
أقلع,to take off,,,
روّض,to tame,,,
ازدهر,"to thrive, to flourish",,,
تحمّل,to tolerate,,,
عالج,to treat,,,
اسودّ,to turn black,,,يسودّ اسوداد
أطفأ,to turn off,,,
احمرّ,to turn red,,,يحمر احمرار
تشنج,to twitch,,,
استخف,to underestimate,,,
استأصل,"to uproot, to eradicate",,,
استفرغ,to vomit,,,
تقيّأ,to vomit,,,
اقترع,to vote,,,
صوّت,to vote,,,
أهدر,to waste,,,
انتحب,to weep,,,
قهقر,to withdraw,,,
أقلق,to worry (s.o.),,,
دمر,to wreak havoc on,,,
تثاءب,to yawn,,,
تبغ,tobacco,,,منتجات التبغ
طليطلة,Toledo,,,
التسامح,tolerance,,,
الليلة,tonight,,,
سن,tooth,أسنان,teeth,
مسواك,toothpick,مساويك,toothpicks,
شعلة,torch,,,شعلة الألعاب الأولمبية
زَوبعة,tornado,زوابع,tornados,
عباب,torrent,,,سيل، فيضان، موج
إجمالي,total,,,
شمولية,totalitarianism,,,
اللمس,touch,,,
بكشير,towel,بكاشير,towels,
منشفة,towel,مناشف,towels,
سَمّية,toxicity,,,
التجارة,trade,,,
مأساة,tragedy,مآس,tragedies,
مزلقان,train tracks,,,
تدريب,training,,,
خائن,traitor,خونة,traitors,
غدّار,traitor,,,
طمأنينة,tranquility,,,للنفس
معاملات,transactions,,,
نقحرة,transliteration,,,
مِذياع,transmitter,,,
شفافية,transparency,,,
فخّ,trap,فخوخ,traps,
نفاية,trash,,,
الترحال,traveling,,,
معاهدة,treaty,معاهدات,treaty,
ميثاق,treaty,مواثيق,treaties,
مثلّث,triangle,مثلّثات,triangles,
رافد,tributary,روافد,tributaries,
إتاوة,tribute,,,إتاوة الأكل
ثالوث,trinity,,,ال* المقدس
حِلى,trinkets,,,الـ* والجواهر.
تفاهة,triviality,,,
قوات,troops,,,
الكَدَر,trouble,,,الويل الويل للحزن و*.
مشاغب,troublemaker,,,
متاعب,troubles,,,
هدنة,truce,هدنات,truces,
شاحنة,truck,شاحنات,trucks,
الدَرَن,tuberculosis,,,
السُل,tuberculosis,,,
وَرَم,tumor,أورام,tumors,
تُنّ,tuna,,,
نغم,tune,أنغام,tunes,
عِمامة,turban,,,* مقلوظة
كُركُم,turmeric,,,
فيروزي,turquoise,,,
سلحفاة,turtle,سلاحف,turtles,
ناب,tusk,أنياب,tusks,
شفق,twilight,,,
تؤام,twin,توائم,twins,
الاستبداد,tyranny,,,
طاغية,tyrant,طُغاة,tyrants,
ضروع,udder,,,
بشِع,ugly,,,
قرحة,ulcer,,,
مظلّة,umbrella,مظلّات,umbrellas,
أعزل,unarmed,العُزْل,the unarmed,
أغلف,uncivilized,,,خفنا أن تعود إلينا بنصرانية (غلفاء)
إغماء,unconsciousness,,,
بموجب,under,,,* الدستور الجديد
مطمُور,underground,,,مقبرة عظام مطمورة
بطالة,unemployment,,,
التعاسة,unhappiness,,,
وخيم,unhealthy,,,
مجهول,unknown,,,
اضطرابات,unrest,,,
فِجّ,unripe,,,
فَذ,unrivaled,,,البراعة الفذة
جامح,unruly,,,
إفك,untruth,,,
حديث,up-to-date,,,
الجَيشان,upheaval,,,الجيَشان  الطائفي
تنجيد,upholstery,,,
مرتفعات,uplands,,,
خَلوق,upright,,,
أورانوس,uranus,,,
التحضر,urbanization,,,
بَول,urine,,,
نفع,"use, utility",,,
نفعي,utilitarian,,,
لقاح,vaccine,,,
عقيق,valley,,,
وادي,valley,وِديان,vallies,
البسالة,valor,,,العسكرية
ثمين,valuable,,,
محبس,valve,,,
الإتلاف,vandalism,,,أتهمتهم بالتجمهر والتظاهر و*
التيه,vanity,,,
أبخرة,vapors,,,
متنوِّع,various,,,
مَزهرية,vase,,,
خَضراوات,vegetables,,,
عرق,vein,عروق,veins,
البندقية,Venice,,,
الزهرة,venus,,,
لفظي,"verbal, phonetic",,,
فقرات,vertebrae,,,
عمودي,vertical,,,
دوخة,vertigo,,,
صدرية,vest,,,
مخضرم,veteran,,,
نقض,veto,,,
أمبولة,vial,,,
قارورة,vial,vials,قوارير,
رذيلة,vice,رذائل,vices,
ضحية,victim,ضحايا,victims,
انتصار,victory,انتصارات,victories,
حيثية,viewpoint,,,
نضارة,vigor,,,يزداد صحة ونضارة
قرية,village,قرى,villages,
السُنبُلة,Virgo,,,
وهمي,virtual,,,
مرئي,visible,,,تعلم أن جدراناً كثيرة مرئية وغير مرئية تحيط بك
رؤية,vision,رؤى,visions,
زائر,visitor,زوّار,visitors,
حيوي,vital,,,
باطل,void,,,
تطوعا,voluntarily,,,
اختياري,voluntary,,,
تقيّؤ,vomiting,,,
قَيء,vomiting,,,
بشهية,voraciously,,,آكل بشهية
بِنهمٍ,voraciously,,,أخذ يشفط الدخان * فوق الوصف
دوامة,vortex,,,
ناخب,voter,ناخبون,voters,
نذر,vow,,,لقد نقضت النذر المقدس
الضعف,vulnerability,,,
شَوحة,vulture,,,
العويل,wailing,,,
خصر,waist,خصور,waists,
وسط,waist,,,
نادل,waiter,نُدُل,waiters,
نزهة,walk,,,
جدار,wall,جدران,walls,
فظّ,walrus,أفظاظ,walruses,
وصي,warden,,,وصي على الشمال
دِفء,warmth,,,
نذير,warning,,,
ثؤلول,wart,,,
غسّالة,washing machine,,,
دبّور,wasp,دبابير,wasps,
بادية,wasteland,بوادي,wastelands,
سقّاء,water carrier,,,
شلّال,waterfall,شلالات,waterfalls,
متهدج,wavering,,,سأله بصوت متهدج،
سبيل,way,سبل,ways,
طريقة,way,طرائق,ways,
عقلية,way of thinking,,,
غِنى,wealth,,,
مكدود,weary,,,زحف عليه الإغراء كما يزحف النوم على المكدود.
عُرس,wedding,أعراس,weddings,
نواح,"weeping, mourning",,,في كل بيت
ويلزي,Welch,,,
رفاهية,welfare,,,
حِنطة,wheat,,,
قَمْح,wheat,,,
عجلة,wheel,عجلات,wheels,
مَصل,whey,,,حليب
كرباج,whip,,,
التهامس,whispering,,,يبدأ بالتهامس مع من حوله
رداءة,wickedness,,,
أرملة,widow,,,
أرمل,widower,,,
عرض,width,,,
مهاة,wild cow,,,
وصية,will,,,كتب
طواعيةً,willingly,,,
صُفصاف,willow,,,
ريح,wind,رياح,winds,
نافذة,window,نوافذ,windows,
نبيذ,wine,,,
جناح,wing,أجنحة,wings,
الحكمة,wisdom,,,
أمنية,wish,أمانٍ,wishes,
الشعوذة,witchcraft,,,
بدهاء,with cunning,,,تحاور برشاقة ومكر ودهاء
بالتمرس,with practice,,,
انطواء,withdrawl,,,يترقب بصبر * آخر ذيول الظلام.
شاهد,witness,شهود,witnesses,
ذئب,wolf,ذئاب,wolves,
صوف,wool,أصواف,wools,
عالم,world,عوالم,worlds,
دُودة,worm,دود | ديدان,worms,
همّ,worry,هموم,worries,
الغضب,wrath,,,
المصارعة,wrestling,,,
جعدة,wrinkle,,,
غضن,wrinkle,غضون,wrinkles,
تجاعيد,wrinkles,,,
رسغ,wrist,أرساغ,wrists,
مِعصم,wrist,معاصم,wrists,
كاتب,writer,كتّاب,writers,
حظيرة,yard,,,
إيزيدي,Yazidi,الإيزيدية,Yazidis,
لهفة,yearning,,,
خميرة,yeast,,,
اليمن,Yemen,,,masculine
فتى,young boy,فتيان,young boys,
فتاة,young girl,فتيات,young girls,
جذع,young man,جذعان,young men,
شابّ,young man,شُبّان,young men,
شابّة,young woman,شابات,young women,
سحّاب,zipper,,,
الزرادشتية,Zoroastrianism,,,
كوسا,zucchini,,,